file,hasDuplicate,duplicateWords,duplicateCounts,moves,id,targetWildcards
C:\Users\ramuc\keshimasu-ai\data\training\selfplay\epoch-0.json,False,[],{},0,epoch-0,
C:\Users\ramuc\keshimasu-ai\data\training\selfplay\epoch-1.json,False,[],{},0,epoch-1,
C:\Users\ramuc\keshimasu-ai\data\training\selfplay\epoch-10.json,False,[],{},0,epoch-10,
C:\Users\ramuc\keshimasu-ai\data\training\selfplay\epoch-11.json,False,[],{},0,epoch-11,
C:\Users\ramuc\keshimasu-ai\data\training\selfplay\epoch-12.json,False,[],{},0,epoch-12,
C:\Users\ramuc\keshimasu-ai\data\training\selfplay\epoch-13.json,False,[],{},0,epoch-13,
C:\Users\ramuc\keshimasu-ai\data\training\selfplay\epoch-14.json,False,[],{},0,epoch-14,
C:\Users\ramuc\keshimasu-ai\data\training\selfplay\epoch-15.json,False,[],{},0,epoch-15,
C:\Users\ramuc\keshimasu-ai\data\training\selfplay\epoch-16.json,False,[],{},0,epoch-16,
C:\Users\ramuc\keshimasu-ai\data\training\selfplay\epoch-17.json,False,[],{},0,epoch-17,
C:\Users\ramuc\keshimasu-ai\data\training\selfplay\epoch-18.json,False,[],{},0,epoch-18,
C:\Users\ramuc\keshimasu-ai\data\training\selfplay\epoch-19.json,False,[],{},0,epoch-19,
C:\Users\ramuc\keshimasu-ai\data\training\selfplay\epoch-2.json,False,[],{},0,epoch-2,
C:\Users\ramuc\keshimasu-ai\data\training\selfplay\epoch-3.json,False,[],{},0,epoch-3,
C:\Users\ramuc\keshimasu-ai\data\training\selfplay\epoch-4.json,False,[],{},0,epoch-4,
C:\Users\ramuc\keshimasu-ai\data\training\selfplay\epoch-5.json,False,[],{},0,epoch-5,
C:\Users\ramuc\keshimasu-ai\data\training\selfplay\epoch-6.json,False,[],{},0,epoch-6,
C:\Users\ramuc\keshimasu-ai\data\training\selfplay\epoch-7.json,False,[],{},0,epoch-7,
C:\Users\ramuc\keshimasu-ai\data\training\selfplay\epoch-8.json,False,[],{},0,epoch-8,
C:\Users\ramuc\keshimasu-ai\data\training\selfplay\epoch-9.json,False,[],{},0,epoch-9,
C:\Users\ramuc\keshimasu-ai\data\training\selfplay\f0\epoch-000000-2026-06-11T02-38-14-758Z.json,False,[],{},10,epoch-000000-2026-06-11T02-38-14-758Z,0
C:\Users\ramuc\keshimasu-ai\data\training\selfplay\f0\epoch-000000-2026-06-11T08-41-31-290Z.json,False,[],{},10,epoch-000000-2026-06-11T08-41-31-290Z,0
C:\Users\ramuc\keshimasu-ai\data\training\selfplay\f0\epoch-000000-2026-06-11T09-48-00-423Z.json,False,[],{},10,epoch-000000-2026-06-11T09-48-00-423Z,0
C:\Users\ramuc\keshimasu-ai\data\training\selfplay\f0\epoch-000000-2026-06-12T03-15-38-909Z.json,False,[],{},9,epoch-000000-2026-06-12T03-15-38-909Z,0
C:\Users\ramuc\keshimasu-ai\data\training\selfplay\f0\epoch-000001-2026-06-11T02-38-24-913Z.json,False,[],{},9,epoch-000001-2026-06-11T02-38-24-913Z,0
C:\Users\ramuc\keshimasu-ai\data\training\selfplay\f0\epoch-000001-2026-06-11T06-19-16-440Z.json,False,[],{},10,epoch-000001-2026-06-11T06-19-16-440Z,0
C:\Users\ramuc\keshimasu-ai\data\training\selfplay\f0\epoch-000001-2026-06-11T08-42-00-488Z.json,False,[],{},9,epoch-000001-2026-06-11T08-42-00-488Z,0
C:\Users\ramuc\keshimasu-ai\data\training\selfplay\f0\epoch-000001-2026-06-11T09-48-12-061Z.json,False,[],{},10,epoch-000001-2026-06-11T09-48-12-061Z,0
C:\Users\ramuc\keshimasu-ai\data\training\selfplay\f0\epoch-000002-2026-06-11T06-19-29-919Z.json,False,[],{},10,epoch-000002-2026-06-11T06-19-29-919Z,0
C:\Users\ramuc\keshimasu-ai\data\training\selfplay\f0\epoch-000002-2026-06-11T08-42-11-797Z.json,False,[],{},9,epoch-000002-2026-06-11T08-42-11-797Z,0
C:\Users\ramuc\keshimasu-ai\data\training\selfplay\f0\epoch-000002-2026-06-12T03-16-06-694Z.json,False,[],{},9,epoch-000002-2026-06-12T03-16-06-694Z,0
C:\Users\ramuc\keshimasu-ai\data\training\selfplay\f0\epoch-000003-2026-06-11T08-42-23-786Z.json,False,[],{},8,epoch-000003-2026-06-11T08-42-23-786Z,0
C:\Users\ramuc\keshimasu-ai\data\training\selfplay\f0\epoch-000004-2026-06-11T02-39-32-283Z.json,False,[],{},9,epoch-000004-2026-06-11T02-39-32-283Z,0
C:\Users\ramuc\keshimasu-ai\data\training\selfplay\f0\epoch-000004-2026-06-11T08-42-35-435Z.json,False,[],{},9,epoch-000004-2026-06-11T08-42-35-435Z,0
C:\Users\ramuc\keshimasu-ai\data\training\selfplay\f0\epoch-000004-2026-06-11T09-48-49-752Z.json,False,[],{},9,epoch-000004-2026-06-11T09-48-49-752Z,0
C:\Users\ramuc\keshimasu-ai\data\training\selfplay\f0\epoch-000005-2026-06-11T02-39-42-512Z.json,False,[],{},9,epoch-000005-2026-06-11T02-39-42-512Z,0
C:\Users\ramuc\keshimasu-ai\data\training\selfplay\f0\epoch-000005-2026-06-11T06-21-01-039Z.json,False,[],{},9,epoch-000005-2026-06-11T06-21-01-039Z,0
C:\Users\ramuc\keshimasu-ai\data\training\selfplay\f0\epoch-000005-2026-06-11T08-42-46-155Z.json,False,[],{},9,epoch-000005-2026-06-11T08-42-46-155Z,0
C:\Users\ramuc\keshimasu-ai\data\training\selfplay\f0\epoch-000005-2026-06-11T09-49-02-053Z.json,False,[],{},8,epoch-000005-2026-06-11T09-49-02-053Z,0
C:\Users\ramuc\keshimasu-ai\data\training\selfplay\f0\epoch-000006-2026-06-11T02-39-57-449Z.json,False,[],{},9,epoch-000006-2026-06-11T02-39-57-449Z,0
C:\Users\ramuc\keshimasu-ai\data\training\selfplay\f0\epoch-000006-2026-06-11T06-21-17-115Z.json,False,[],{},9,epoch-000006-2026-06-11T06-21-17-115Z,0
C:\Users\ramuc\keshimasu-ai\data\training\selfplay\f0\epoch-000006-2026-06-11T08-42-56-285Z.json,False,[],{},10,epoch-000006-2026-06-11T08-42-56-285Z,0
C:\Users\ramuc\keshimasu-ai\data\training\selfplay\f0\epoch-000006-2026-06-11T09-49-12-304Z.json,False,[],{},9,epoch-000006-2026-06-11T09-49-12-304Z,0
C:\Users\ramuc\keshimasu-ai\data\training\selfplay\f0\epoch-000007-2026-06-11T02-40-19-123Z.json,False,[],{},9,epoch-000007-2026-06-11T02-40-19-123Z,0
C:\Users\ramuc\keshimasu-ai\data\training\selfplay\f0\epoch-000007-2026-06-11T06-21-39-425Z.json,False,[],{},9,epoch-000007-2026-06-11T06-21-39-425Z,0
C:\Users\ramuc\keshimasu-ai\data\training\selfplay\f0\epoch-000007-2026-06-11T09-49-23-532Z.json,False,[],{},10,epoch-000007-2026-06-11T09-49-23-532Z,0
C:\Users\ramuc\keshimasu-ai\data\training\selfplay\f0\epoch-000008-2026-06-11T02-40-30-429Z.json,False,[],{},9,epoch-000008-2026-06-11T02-40-30-429Z,0
C:\Users\ramuc\keshimasu-ai\data\training\selfplay\f0\epoch-000008-2026-06-11T08-43-31-427Z.json,False,[],{},9,epoch-000008-2026-06-11T08-43-31-427Z,0
C:\Users\ramuc\keshimasu-ai\data\training\selfplay\f0\epoch-000008-2026-06-11T09-49-50-113Z.json,False,[],{},10,epoch-000008-2026-06-11T09-49-50-113Z,0
C:\Users\ramuc\keshimasu-ai\data\training\selfplay\f0\epoch-000009-2026-06-11T02-40-42-525Z.json,False,[],{},10,epoch-000009-2026-06-11T02-40-42-525Z,0
C:\Users\ramuc\keshimasu-ai\data\training\selfplay\f0\epoch-000009-2026-06-11T06-22-21-516Z.json,False,[],{},9,epoch-000009-2026-06-11T06-22-21-516Z,0
C:\Users\ramuc\keshimasu-ai\data\training\selfplay\f0\epoch-000010-2026-06-11T02-40-54-058Z.json,False,[],{},9,epoch-000010-2026-06-11T02-40-54-058Z,0
C:\Users\ramuc\keshimasu-ai\data\training\selfplay\f0\epoch-000010-2026-06-11T08-44-00-375Z.json,False,[],{},9,epoch-000010-2026-06-11T08-44-00-375Z,0
C:\Users\ramuc\keshimasu-ai\data\training\selfplay\f0\epoch-000010-2026-06-11T09-50-18-294Z.json,False,[],{},9,epoch-000010-2026-06-11T09-50-18-294Z,0
C:\Users\ramuc\keshimasu-ai\data\training\selfplay\f0\epoch-000011-2026-06-11T02-41-49-058Z.json,False,[],{},8,epoch-000011-2026-06-11T02-41-49-058Z,0
C:\Users\ramuc\keshimasu-ai\data\training\selfplay\f0\epoch-000011-2026-06-11T06-22-50-703Z.json,False,[],{},9,epoch-000011-2026-06-11T06-22-50-703Z,0
C:\Users\ramuc\keshimasu-ai\data\training\selfplay\f0\epoch-000012-2026-06-11T02-42-45-907Z.json,False,[],{},10,epoch-000012-2026-06-11T02-42-45-907Z,0
C:\Users\ramuc\keshimasu-ai\data\training\selfplay\f0\epoch-000012-2026-06-11T06-23-08-828Z.json,False,[],{},9,epoch-000012-2026-06-11T06-23-08-828Z,0
C:\Users\ramuc\keshimasu-ai\data\training\selfplay\f0\epoch-000012-2026-06-11T08-44-22-066Z.json,False,[],{},9,epoch-000012-2026-06-11T08-44-22-066Z,0
C:\Users\ramuc\keshimasu-ai\data\training\selfplay\f0\epoch-000012-2026-06-11T09-50-42-328Z.json,False,[],{},9,epoch-000012-2026-06-11T09-50-42-328Z,0
C:\Users\ramuc\keshimasu-ai\data\training\selfplay\f0\epoch-000013-2026-06-11T02-42-57-794Z.json,False,[],{},9,epoch-000013-2026-06-11T02-42-57-794Z,0
C:\Users\ramuc\keshimasu-ai\data\training\selfplay\f0\epoch-000013-2026-06-11T06-23-21-256Z.json,False,[],{},9,epoch-000013-2026-06-11T06-23-21-256Z,0
C:\Users\ramuc\keshimasu-ai\data\training\selfplay\f0\epoch-000013-2026-06-11T09-50-54-478Z.json,False,[],{},10,epoch-000013-2026-06-11T09-50-54-478Z,0
C:\Users\ramuc\keshimasu-ai\data\training\selfplay\f0\epoch-000014-2026-06-11T02-43-19-118Z.json,False,[],{},9,epoch-000014-2026-06-11T02-43-19-118Z,0
C:\Users\ramuc\keshimasu-ai\data\training\selfplay\f0\epoch-000014-2026-06-11T06-23-32-426Z.json,False,[],{},9,epoch-000014-2026-06-11T06-23-32-426Z,0
C:\Users\ramuc\keshimasu-ai\data\training\selfplay\f0\epoch-000014-2026-06-11T08-44-46-308Z.json,False,[],{},10,epoch-000014-2026-06-11T08-44-46-308Z,0
C:\Users\ramuc\keshimasu-ai\data\training\selfplay\f0\epoch-000014-2026-06-11T09-51-04-803Z.json,False,[],{},9,epoch-000014-2026-06-11T09-51-04-803Z,0
C:\Users\ramuc\keshimasu-ai\data\training\selfplay\f0\epoch-000015-2026-06-11T02-44-06-688Z.json,False,[],{},10,epoch-000015-2026-06-11T02-44-06-688Z,0
C:\Users\ramuc\keshimasu-ai\data\training\selfplay\f0\epoch-000015-2026-06-11T06-24-04-145Z.json,False,[],{},9,epoch-000015-2026-06-11T06-24-04-145Z,0
C:\Users\ramuc\keshimasu-ai\data\training\selfplay\f0\epoch-000015-2026-06-11T08-44-56-573Z.json,False,[],{},9,epoch-000015-2026-06-11T08-44-56-573Z,0
C:\Users\ramuc\keshimasu-ai\data\training\selfplay\f0\epoch-000015-2026-06-11T09-51-15-589Z.json,False,[],{},9,epoch-000015-2026-06-11T09-51-15-589Z,0
C:\Users\ramuc\keshimasu-ai\data\training\selfplay\f0\epoch-000016-2026-06-11T02-44-18-524Z.json,False,[],{},8,epoch-000016-2026-06-11T02-44-18-524Z,0
C:\Users\ramuc\keshimasu-ai\data\training\selfplay\f0\epoch-000016-2026-06-11T06-24-15-924Z.json,False,[],{},10,epoch-000016-2026-06-11T06-24-15-924Z,0
C:\Users\ramuc\keshimasu-ai\data\training\selfplay\f0\epoch-000016-2026-06-11T08-45-06-960Z.json,False,[],{},9,epoch-000016-2026-06-11T08-45-06-960Z,0
C:\Users\ramuc\keshimasu-ai\data\training\selfplay\f0\epoch-000016-2026-06-11T09-51-25-958Z.json,False,[],{},10,epoch-000016-2026-06-11T09-51-25-958Z,0
C:\Users\ramuc\keshimasu-ai\data\training\selfplay\f0\epoch-000017-2026-06-11T02-44-34-140Z.json,False,[],{},9,epoch-000017-2026-06-11T02-44-34-140Z,0
C:\Users\ramuc\keshimasu-ai\data\training\selfplay\f0\epoch-000017-2026-06-11T09-51-52-314Z.json,False,[],{},9,epoch-000017-2026-06-11T09-51-52-314Z,0
C:\Users\ramuc\keshimasu-ai\data\training\selfplay\f0\epoch-000018-2026-06-11T06-24-42-814Z.json,False,[],{},10,epoch-000018-2026-06-11T06-24-42-814Z,0
C:\Users\ramuc\keshimasu-ai\data\training\selfplay\f0\epoch-000019-2026-06-11T08-46-20-846Z.json,False,[],{},9,epoch-000019-2026-06-11T08-46-20-846Z,0
C:\Users\ramuc\keshimasu-ai\data\training\selfplay\f0\epoch-000019-2026-06-11T09-52-20-270Z.json,False,[],{},9,epoch-000019-2026-06-11T09-52-20-270Z,0
C:\Users\ramuc\keshimasu-ai\data\training\selfplay\f0\epoch-000020-2026-06-11T08-46-35-179Z.json,False,[],{},10,epoch-000020-2026-06-11T08-46-35-179Z,0
C:\Users\ramuc\keshimasu-ai\data\training\selfplay\f0\epoch-000020-2026-06-11T09-52-31-497Z.json,False,[],{},9,epoch-000020-2026-06-11T09-52-31-497Z,0
C:\Users\ramuc\keshimasu-ai\data\training\selfplay\f0\epoch-000021-2026-06-11T09-52-42-188Z.json,False,[],{},8,epoch-000021-2026-06-11T09-52-42-188Z,0
C:\Users\ramuc\keshimasu-ai\data\training\selfplay\f0\epoch-000022-2026-06-11T08-46-57-867Z.json,False,[],{},9,epoch-000022-2026-06-11T08-46-57-867Z,0
C:\Users\ramuc\keshimasu-ai\data\training\selfplay\f0\epoch-000022-2026-06-11T09-52-52-692Z.json,False,[],{},9,epoch-000022-2026-06-11T09-52-52-692Z,0
C:\Users\ramuc\keshimasu-ai\data\training\selfplay\f0\epoch-000023-2026-06-11T08-47-25-371Z.json,False,[],{},10,epoch-000023-2026-06-11T08-47-25-371Z,0
C:\Users\ramuc\keshimasu-ai\data\training\selfplay\f0\epoch-000024-2026-06-11T09-53-38-223Z.json,False,[],{},8,epoch-000024-2026-06-11T09-53-38-223Z,0
C:\Users\ramuc\keshimasu-ai\data\training\selfplay\f0\epoch-000025-2026-06-11T08-47-46-284Z.json,False,[],{},10,epoch-000025-2026-06-11T08-47-46-284Z,0
C:\Users\ramuc\keshimasu-ai\data\training\selfplay\f0\epoch-000026-2026-06-11T08-47-56-324Z.json,False,[],{},9,epoch-000026-2026-06-11T08-47-56-324Z,0
C:\Users\ramuc\keshimasu-ai\data\training\selfplay\f0\epoch-000026-2026-06-11T09-54-06-848Z.json,False,[],{},9,epoch-000026-2026-06-11T09-54-06-848Z,0
C:\Users\ramuc\keshimasu-ai\data\training\selfplay\f0\epoch-000027-2026-06-11T08-48-07-049Z.json,False,[],{},9,epoch-000027-2026-06-11T08-48-07-049Z,0
C:\Users\ramuc\keshimasu-ai\data\training\selfplay\f0\epoch-000027-2026-06-11T09-54-17-230Z.json,False,[],{},9,epoch-000027-2026-06-11T09-54-17-230Z,0
C:\Users\ramuc\keshimasu-ai\data\training\selfplay\f0\epoch-000028-2026-06-11T08-48-19-838Z.json,False,[],{},9,epoch-000028-2026-06-11T08-48-19-838Z,0
C:\Users\ramuc\keshimasu-ai\data\training\selfplay\f0\epoch-000028-2026-06-11T09-54-39-899Z.json,False,[],{},10,epoch-000028-2026-06-11T09-54-39-899Z,0
C:\Users\ramuc\keshimasu-ai\data\training\selfplay\f0\epoch-000029-2026-06-11T08-48-42-623Z.json,False,[],{},9,epoch-000029-2026-06-11T08-48-42-623Z,0
C:\Users\ramuc\keshimasu-ai\data\training\selfplay\f0\epoch-000030-2026-06-11T09-55-02-630Z.json,False,[],{},10,epoch-000030-2026-06-11T09-55-02-630Z,0
C:\Users\ramuc\keshimasu-ai\data\training\selfplay\f0\epoch-000031-2026-06-11T09-55-13-788Z.json,False,[],{},10,epoch-000031-2026-06-11T09-55-13-788Z,0
C:\Users\ramuc\keshimasu-ai\data\training\selfplay\f0\epoch-000032-2026-06-11T09-55-24-655Z.json,False,[],{},9,epoch-000032-2026-06-11T09-55-24-655Z,0
C:\Users\ramuc\keshimasu-ai\data\training\selfplay\f0\epoch-000033-2026-06-11T08-49-26-720Z.json,False,[],{},10,epoch-000033-2026-06-11T08-49-26-720Z,0
C:\Users\ramuc\keshimasu-ai\data\training\selfplay\f0\epoch-000033-2026-06-11T09-55-37-875Z.json,False,[],{},9,epoch-000033-2026-06-11T09-55-37-875Z,0
C:\Users\ramuc\keshimasu-ai\data\training\selfplay\f0\epoch-000034-2026-06-11T08-49-41-859Z.json,False,[],{},9,epoch-000034-2026-06-11T08-49-41-859Z,0
C:\Users\ramuc\keshimasu-ai\data\training\selfplay\f0\epoch-000035-2026-06-11T08-49-53-133Z.json,False,[],{},10,epoch-000035-2026-06-11T08-49-53-133Z,0
C:\Users\ramuc\keshimasu-ai\data\training\selfplay\f0\epoch-000035-2026-06-11T09-56-01-950Z.json,False,[],{},9,epoch-000035-2026-06-11T09-56-01-950Z,0
C:\Users\ramuc\keshimasu-ai\data\training\selfplay\f0\epoch-000036-2026-06-11T08-50-19-483Z.json,False,[],{},9,epoch-000036-2026-06-11T08-50-19-483Z,0
C:\Users\ramuc\keshimasu-ai\data\training\selfplay\f0\epoch-000036-2026-06-11T09-56-12-292Z.json,False,[],{},9,epoch-000036-2026-06-11T09-56-12-292Z,0
C:\Users\ramuc\keshimasu-ai\data\training\selfplay\f0\epoch-000037-2026-06-11T08-50-47-414Z.json,False,[],{},9,epoch-000037-2026-06-11T08-50-47-414Z,0
C:\Users\ramuc\keshimasu-ai\data\training\selfplay\f0\epoch-000037-2026-06-11T09-56-23-580Z.json,False,[],{},9,epoch-000037-2026-06-11T09-56-23-580Z,0
C:\Users\ramuc\keshimasu-ai\data\training\selfplay\f0\epoch-000038-2026-06-11T08-51-13-326Z.json,False,[],{},10,epoch-000038-2026-06-11T08-51-13-326Z,0
C:\Users\ramuc\keshimasu-ai\data\training\selfplay\f0\epoch-000039-2026-06-11T08-51-25-089Z.json,False,[],{},10,epoch-000039-2026-06-11T08-51-25-089Z,0
C:\Users\ramuc\keshimasu-ai\data\training\selfplay\f0\epoch-000039-2026-06-11T09-57-26-486Z.json,False,[],{},8,epoch-000039-2026-06-11T09-57-26-486Z,0
C:\Users\ramuc\keshimasu-ai\data\training\selfplay\f0\epoch-000040-2026-06-11T08-51-47-094Z.json,False,[],{},9,epoch-000040-2026-06-11T08-51-47-094Z,0
C:\Users\ramuc\keshimasu-ai\data\training\selfplay\f0\epoch-000041-2026-06-11T08-52-02-542Z.json,False,[],{},9,epoch-000041-2026-06-11T08-52-02-542Z,0
C:\Users\ramuc\keshimasu-ai\data\training\selfplay\f0\epoch-000041-2026-06-11T09-57-48-179Z.json,False,[],{},9,epoch-000041-2026-06-11T09-57-48-179Z,0
C:\Users\ramuc\keshimasu-ai\data\training\selfplay\f0\epoch-000042-2026-06-11T09-57-59-061Z.json,False,[],{},10,epoch-000042-2026-06-11T09-57-59-061Z,0
C:\Users\ramuc\keshimasu-ai\data\training\selfplay\f0\epoch-000043-2026-06-11T08-52-53-807Z.json,False,[],{},9,epoch-000043-2026-06-11T08-52-53-807Z,0
C:\Users\ramuc\keshimasu-ai\data\training\selfplay\f0\epoch-000043-2026-06-11T09-58-17-071Z.json,False,[],{},10,epoch-000043-2026-06-11T09-58-17-071Z,0
C:\Users\ramuc\keshimasu-ai\data\training\selfplay\f0\epoch-000044-2026-06-11T08-53-05-766Z.json,False,[],{},9,epoch-000044-2026-06-11T08-53-05-766Z,0
C:\Users\ramuc\keshimasu-ai\data\training\selfplay\f0\epoch-000045-2026-06-11T08-53-18-902Z.json,False,[],{},8,epoch-000045-2026-06-11T08-53-18-902Z,0
C:\Users\ramuc\keshimasu-ai\data\training\selfplay\f0\epoch-000045-2026-06-11T09-58-40-941Z.json,False,[],{},9,epoch-000045-2026-06-11T09-58-40-941Z,0
C:\Users\ramuc\keshimasu-ai\data\training\selfplay\f0\epoch-000046-2026-06-11T08-53-38-574Z.json,False,[],{},9,epoch-000046-2026-06-11T08-53-38-574Z,0
C:\Users\ramuc\keshimasu-ai\data\training\selfplay\f0\epoch-000047-2026-06-11T08-59-42-309Z.json,False,[],{},9,epoch-000047-2026-06-11T08-59-42-309Z,0
C:\Users\ramuc\keshimasu-ai\data\training\selfplay\f0\epoch-000049-2026-06-11T09-00-25-801Z.json,False,[],{},9,epoch-000049-2026-06-11T09-00-25-801Z,0
C:\Users\ramuc\keshimasu-ai\data\training\selfplay\f1\epoch-000000-2026-06-11T09-00-39-051Z.json,False,[],{},10,epoch-000000-2026-06-11T09-00-39-051Z,1
C:\Users\ramuc\keshimasu-ai\data\training\selfplay\f1\epoch-000000-2026-06-12T04-05-59-007Z.json,False,[],{},8,epoch-000000-2026-06-12T04-05-59-007Z,1
C:\Users\ramuc\keshimasu-ai\data\training\selfplay\f1\epoch-000001-2026-06-12T04-06-07-964Z.json,False,[],{},10,epoch-000001-2026-06-12T04-06-07-964Z,1
C:\Users\ramuc\keshimasu-ai\data\training\selfplay\f1\epoch-000002-2026-06-11T09-01-20-441Z.json,False,[],{},9,epoch-000002-2026-06-11T09-01-20-441Z,1
C:\Users\ramuc\keshimasu-ai\data\training\selfplay\f1\epoch-000002-2026-06-12T04-06-16-715Z.json,False,[],{},9,epoch-000002-2026-06-12T04-06-16-715Z,1
C:\Users\ramuc\keshimasu-ai\data\training\selfplay\f1\epoch-000003-2026-06-11T09-01-33-695Z.json,False,[],{},10,epoch-000003-2026-06-11T09-01-33-695Z,1
C:\Users\ramuc\keshimasu-ai\data\training\selfplay\f1\epoch-000003-2026-06-12T04-06-24-917Z.json,False,[],{},9,epoch-000003-2026-06-12T04-06-24-917Z,1
C:\Users\ramuc\keshimasu-ai\data\training\selfplay\f1\epoch-000004-2026-06-11T09-01-46-385Z.json,False,[],{},9,epoch-000004-2026-06-11T09-01-46-385Z,1
C:\Users\ramuc\keshimasu-ai\data\training\selfplay\f1\epoch-000004-2026-06-12T04-06-42-774Z.json,False,[],{},9,epoch-000004-2026-06-12T04-06-42-774Z,1
C:\Users\ramuc\keshimasu-ai\data\training\selfplay\f1\epoch-000005-2026-06-11T09-01-58-663Z.json,False,[],{},10,epoch-000005-2026-06-11T09-01-58-663Z,1
C:\Users\ramuc\keshimasu-ai\data\training\selfplay\f1\epoch-000006-2026-06-11T09-02-12-307Z.json,False,[],{},10,epoch-000006-2026-06-11T09-02-12-307Z,1
C:\Users\ramuc\keshimasu-ai\data\training\selfplay\f1\epoch-000007-2026-06-11T09-02-25-211Z.json,False,[],{},9,epoch-000007-2026-06-11T09-02-25-211Z,1
C:\Users\ramuc\keshimasu-ai\data\training\selfplay\f1\epoch-000009-2026-06-11T09-02-51-915Z.json,False,[],{},9,epoch-000009-2026-06-11T09-02-51-915Z,1
C:\Users\ramuc\keshimasu-ai\data\training\selfplay\f1\epoch-000010-2026-06-11T09-03-04-326Z.json,False,[],{},9,epoch-000010-2026-06-11T09-03-04-326Z,1
C:\Users\ramuc\keshimasu-ai\data\training\selfplay\f1\epoch-000011-2026-06-11T09-03-16-612Z.json,False,[],{},9,epoch-000011-2026-06-11T09-03-16-612Z,1
C:\Users\ramuc\keshimasu-ai\data\training\selfplay\f1\epoch-000012-2026-06-11T09-03-29-069Z.json,False,[],{},10,epoch-000012-2026-06-11T09-03-29-069Z,1
C:\Users\ramuc\keshimasu-ai\data\training\selfplay\f1\epoch-000013-2026-06-11T09-03-41-142Z.json,False,[],{},10,epoch-000013-2026-06-11T09-03-41-142Z,1
C:\Users\ramuc\keshimasu-ai\data\training\selfplay\f1\epoch-000015-2026-06-11T09-04-17-490Z.json,False,[],{},10,epoch-000015-2026-06-11T09-04-17-490Z,1
C:\Users\ramuc\keshimasu-ai\data\training\selfplay\f1\epoch-000018-2026-06-11T09-04-56-910Z.json,False,[],{},9,epoch-000018-2026-06-11T09-04-56-910Z,1
C:\Users\ramuc\keshimasu-ai\data\training\selfplay\f1\epoch-000019-2026-06-11T09-05-12-871Z.json,False,[],{},10,epoch-000019-2026-06-11T09-05-12-871Z,1
C:\Users\ramuc\keshimasu-ai\data\training\selfplay\f1\epoch-000022-2026-06-11T06-26-16-660Z.json,False,[],{},10,epoch-000022-2026-06-11T06-26-16-660Z,1
C:\Users\ramuc\keshimasu-ai\data\training\selfplay\f1\epoch-000022-2026-06-11T09-05-54-613Z.json,False,[],{},10,epoch-000022-2026-06-11T09-05-54-613Z,1
C:\Users\ramuc\keshimasu-ai\data\training\selfplay\f1\epoch-000023-2026-06-11T09-06-08-018Z.json,False,[],{},10,epoch-000023-2026-06-11T09-06-08-018Z,1
C:\Users\ramuc\keshimasu-ai\data\training\selfplay\f1\epoch-000024-2026-06-11T09-06-21-874Z.json,False,[],{},9,epoch-000024-2026-06-11T09-06-21-874Z,1
C:\Users\ramuc\keshimasu-ai\data\training\selfplay\f1\epoch-000025-2026-06-11T06-27-18-862Z.json,False,[],{},9,epoch-000025-2026-06-11T06-27-18-862Z,1
C:\Users\ramuc\keshimasu-ai\data\training\selfplay\f1\epoch-000025-2026-06-11T09-06-34-360Z.json,False,[],{},9,epoch-000025-2026-06-11T09-06-34-360Z,1
C:\Users\ramuc\keshimasu-ai\data\training\selfplay\f1\epoch-000026-2026-06-11T06-27-32-332Z.json,False,[],{},9,epoch-000026-2026-06-11T06-27-32-332Z,1
C:\Users\ramuc\keshimasu-ai\data\training\selfplay\f1\epoch-000027-2026-06-11T09-07-08-554Z.json,False,[],{},9,epoch-000027-2026-06-11T09-07-08-554Z,1
C:\Users\ramuc\keshimasu-ai\data\training\selfplay\f1\epoch-000028-2026-06-11T06-28-15-935Z.json,False,[],{},10,epoch-000028-2026-06-11T06-28-15-935Z,1
C:\Users\ramuc\keshimasu-ai\data\training\selfplay\f1\epoch-000028-2026-06-11T09-07-20-704Z.json,False,[],{},9,epoch-000028-2026-06-11T09-07-20-704Z,1
C:\Users\ramuc\keshimasu-ai\data\training\selfplay\f1\epoch-000030-2026-06-11T09-07-49-006Z.json,False,[],{},9,epoch-000030-2026-06-11T09-07-49-006Z,1
C:\Users\ramuc\keshimasu-ai\data\training\selfplay\f1\epoch-000031-2026-06-11T06-28-58-382Z.json,False,[],{},9,epoch-000031-2026-06-11T06-28-58-382Z,1
C:\Users\ramuc\keshimasu-ai\data\training\selfplay\f1\epoch-000032-2026-06-11T06-29-12-370Z.json,False,[],{},10,epoch-000032-2026-06-11T06-29-12-370Z,1
C:\Users\ramuc\keshimasu-ai\data\training\selfplay\f1\epoch-000033-2026-06-11T06-29-27-984Z.json,False,[],{},9,epoch-000033-2026-06-11T06-29-27-984Z,1
C:\Users\ramuc\keshimasu-ai\data\training\selfplay\f1\epoch-000034-2026-06-11T06-29-42-690Z.json,False,[],{},9,epoch-000034-2026-06-11T06-29-42-690Z,1
C:\Users\ramuc\keshimasu-ai\data\training\selfplay\f1\epoch-000034-2026-06-11T09-08-44-486Z.json,False,[],{},9,epoch-000034-2026-06-11T09-08-44-486Z,1
C:\Users\ramuc\keshimasu-ai\data\training\selfplay\f1\epoch-000035-2026-06-11T09-08-56-843Z.json,False,[],{},10,epoch-000035-2026-06-11T09-08-56-843Z,1
C:\Users\ramuc\keshimasu-ai\data\training\selfplay\f1\epoch-000036-2026-06-11T06-30-10-321Z.json,False,[],{},9,epoch-000036-2026-06-11T06-30-10-321Z,1
C:\Users\ramuc\keshimasu-ai\data\training\selfplay\f1\epoch-000036-2026-06-11T09-09-09-753Z.json,False,[],{},10,epoch-000036-2026-06-11T09-09-09-753Z,1
C:\Users\ramuc\keshimasu-ai\data\training\selfplay\f1\epoch-000037-2026-06-11T06-30-25-456Z.json,False,[],{},10,epoch-000037-2026-06-11T06-30-25-456Z,1
C:\Users\ramuc\keshimasu-ai\data\training\selfplay\f1\epoch-000038-2026-06-11T09-09-41-990Z.json,False,[],{},9,epoch-000038-2026-06-11T09-09-41-990Z,1
C:\Users\ramuc\keshimasu-ai\data\training\selfplay\f1\epoch-000039-2026-06-11T06-31-28-306Z.json,False,[],{},9,epoch-000039-2026-06-11T06-31-28-306Z,1
C:\Users\ramuc\keshimasu-ai\data\training\selfplay\f1\epoch-000039-2026-06-11T09-09-55-857Z.json,False,[],{},10,epoch-000039-2026-06-11T09-09-55-857Z,1
C:\Users\ramuc\keshimasu-ai\data\training\selfplay\f1\epoch-000040-2026-06-11T06-31-41-001Z.json,False,[],{},10,epoch-000040-2026-06-11T06-31-41-001Z,1
C:\Users\ramuc\keshimasu-ai\data\training\selfplay\f1\epoch-000040-2026-06-11T09-10-09-056Z.json,False,[],{},9,epoch-000040-2026-06-11T09-10-09-056Z,1
C:\Users\ramuc\keshimasu-ai\data\training\selfplay\f1\epoch-000041-2026-06-11T09-10-21-461Z.json,False,[],{},10,epoch-000041-2026-06-11T09-10-21-461Z,1
C:\Users\ramuc\keshimasu-ai\data\training\selfplay\f1\epoch-000042-2026-06-11T06-32-13-092Z.json,False,[],{},9,epoch-000042-2026-06-11T06-32-13-092Z,1
C:\Users\ramuc\keshimasu-ai\data\training\selfplay\f1\epoch-000042-2026-06-11T09-10-33-831Z.json,False,[],{},9,epoch-000042-2026-06-11T09-10-33-831Z,1
C:\Users\ramuc\keshimasu-ai\data\training\selfplay\f1\epoch-000043-2026-06-11T09-10-58-005Z.json,False,[],{},10,epoch-000043-2026-06-11T09-10-58-005Z,1
C:\Users\ramuc\keshimasu-ai\data\training\selfplay\f1\epoch-000044-2026-06-11T09-11-11-674Z.json,False,[],{},10,epoch-000044-2026-06-11T09-11-11-674Z,1
C:\Users\ramuc\keshimasu-ai\data\training\selfplay\f1\epoch-000045-2026-06-11T06-33-18-552Z.json,False,[],{},9,epoch-000045-2026-06-11T06-33-18-552Z,1
C:\Users\ramuc\keshimasu-ai\data\training\selfplay\f1\epoch-000045-2026-06-11T09-11-24-259Z.json,False,[],{},10,epoch-000045-2026-06-11T09-11-24-259Z,1
C:\Users\ramuc\keshimasu-ai\data\training\selfplay\f1\epoch-000046-2026-06-11T06-33-32-568Z.json,False,[],{},9,epoch-000046-2026-06-11T06-33-32-568Z,1
C:\Users\ramuc\keshimasu-ai\data\training\selfplay\f1\epoch-000047-2026-06-11T06-33-54-892Z.json,False,[],{},9,epoch-000047-2026-06-11T06-33-54-892Z,1
C:\Users\ramuc\keshimasu-ai\data\training\selfplay\f1\epoch-000047-2026-06-11T09-12-13-637Z.json,False,[],{},9,epoch-000047-2026-06-11T09-12-13-637Z,1
C:\Users\ramuc\keshimasu-ai\data\training\selfplay\f1\epoch-000049-2026-06-11T06-34-22-531Z.json,False,[],{},9,epoch-000049-2026-06-11T06-34-22-531Z,1
C:\Users\ramuc\keshimasu-ai\data\training\selfplay\f1\epoch-000049-2026-06-11T09-12-51-859Z.json,False,[],{},9,epoch-000049-2026-06-11T09-12-51-859Z,1
C:\Users\ramuc\keshimasu-ai\data\training\selfplay\f2\epoch-000000-2026-06-11T09-13-07-832Z.json,False,[],{},9,epoch-000000-2026-06-11T09-13-07-832Z,2
C:\Users\ramuc\keshimasu-ai\data\training\selfplay\f2\epoch-000000-2026-06-12T04-06-54-067Z.json,False,[],{},9,epoch-000000-2026-06-12T04-06-54-067Z,2
C:\Users\ramuc\keshimasu-ai\data\training\selfplay\f2\epoch-000001-2026-06-11T09-13-25-695Z.json,False,[],{},9,epoch-000001-2026-06-11T09-13-25-695Z,2
C:\Users\ramuc\keshimasu-ai\data\training\selfplay\f2\epoch-000001-2026-06-12T04-07-04-389Z.json,False,[],{},9,epoch-000001-2026-06-12T04-07-04-389Z,2
C:\Users\ramuc\keshimasu-ai\data\training\selfplay\f2\epoch-000002-2026-06-12T04-07-14-810Z.json,False,[],{},10,epoch-000002-2026-06-12T04-07-14-810Z,2
C:\Users\ramuc\keshimasu-ai\data\training\selfplay\f2\epoch-000003-2026-06-12T04-07-27-683Z.json,False,[],{},10,epoch-000003-2026-06-12T04-07-27-683Z,2
C:\Users\ramuc\keshimasu-ai\data\training\selfplay\f2\epoch-000005-2026-06-11T09-14-28-515Z.json,False,[],{},10,epoch-000005-2026-06-11T09-14-28-515Z,2
C:\Users\ramuc\keshimasu-ai\data\training\selfplay\f2\epoch-000006-2026-06-11T09-14-46-553Z.json,False,[],{},9,epoch-000006-2026-06-11T09-14-46-553Z,2
C:\Users\ramuc\keshimasu-ai\data\training\selfplay\f2\epoch-000007-2026-06-11T09-15-07-302Z.json,False,[],{},10,epoch-000007-2026-06-11T09-15-07-302Z,2
C:\Users\ramuc\keshimasu-ai\data\training\selfplay\f2\epoch-000008-2026-06-11T09-20-50-848Z.json,False,[],{},9,epoch-000008-2026-06-11T09-20-50-848Z,2
C:\Users\ramuc\keshimasu-ai\data\training\selfplay\f2\epoch-000009-2026-06-11T09-21-06-703Z.json,False,[],{},10,epoch-000009-2026-06-11T09-21-06-703Z,2
C:\Users\ramuc\keshimasu-ai\data\training\selfplay\f2\epoch-000010-2026-06-11T09-21-22-135Z.json,False,[],{},9,epoch-000010-2026-06-11T09-21-22-135Z,2
C:\Users\ramuc\keshimasu-ai\data\training\selfplay\f2\epoch-000011-2026-06-11T09-21-55-715Z.json,False,[],{},9,epoch-000011-2026-06-11T09-21-55-715Z,2
C:\Users\ramuc\keshimasu-ai\data\training\selfplay\f2\epoch-000012-2026-06-11T09-22-42-661Z.json,False,[],{},10,epoch-000012-2026-06-11T09-22-42-661Z,2
C:\Users\ramuc\keshimasu-ai\data\training\selfplay\f2\epoch-000013-2026-06-11T09-22-58-299Z.json,False,[],{},9,epoch-000013-2026-06-11T09-22-58-299Z,2
C:\Users\ramuc\keshimasu-ai\data\training\selfplay\f2\epoch-000014-2026-06-11T09-23-14-769Z.json,False,[],{},9,epoch-000014-2026-06-11T09-23-14-769Z,2
C:\Users\ramuc\keshimasu-ai\data\training\selfplay\f2\epoch-000015-2026-06-11T09-23-31-357Z.json,False,[],{},9,epoch-000015-2026-06-11T09-23-31-357Z,2
C:\Users\ramuc\keshimasu-ai\data\training\selfplay\f2\epoch-000016-2026-06-11T09-24-01-471Z.json,False,[],{},9,epoch-000016-2026-06-11T09-24-01-471Z,2
C:\Users\ramuc\keshimasu-ai\data\training\selfplay\f2\epoch-000017-2026-06-11T09-24-16-548Z.json,False,[],{},8,epoch-000017-2026-06-11T09-24-16-548Z,2
C:\Users\ramuc\keshimasu-ai\data\training\selfplay\f2\epoch-000019-2026-06-11T09-24-49-185Z.json,False,[],{},9,epoch-000019-2026-06-11T09-24-49-185Z,2
C:\Users\ramuc\keshimasu-ai\data\training\selfplay\f2\epoch-000020-2026-06-11T09-25-05-360Z.json,False,[],{},9,epoch-000020-2026-06-11T09-25-05-360Z,2
C:\Users\ramuc\keshimasu-ai\data\training\selfplay\f2\epoch-000021-2026-06-11T09-25-21-226Z.json,False,[],{},9,epoch-000021-2026-06-11T09-25-21-226Z,2
C:\Users\ramuc\keshimasu-ai\data\training\selfplay\f2\epoch-000022-2026-06-11T09-25-47-404Z.json,False,[],{},10,epoch-000022-2026-06-11T09-25-47-404Z,2
C:\Users\ramuc\keshimasu-ai\data\training\selfplay\f2\epoch-000023-2026-06-11T09-26-05-468Z.json,False,[],{},9,epoch-000023-2026-06-11T09-26-05-468Z,2
C:\Users\ramuc\keshimasu-ai\data\training\selfplay\f2\epoch-000024-2026-06-11T09-26-25-712Z.json,False,[],{},9,epoch-000024-2026-06-11T09-26-25-712Z,2
C:\Users\ramuc\keshimasu-ai\data\training\selfplay\f2\epoch-000025-2026-06-11T09-26-40-847Z.json,False,[],{},9,epoch-000025-2026-06-11T09-26-40-847Z,2
C:\Users\ramuc\keshimasu-ai\data\training\selfplay\f2\epoch-000026-2026-06-11T09-27-07-783Z.json,False,[],{},9,epoch-000026-2026-06-11T09-27-07-783Z,2
C:\Users\ramuc\keshimasu-ai\data\training\selfplay\f2\epoch-000027-2026-06-11T09-27-26-114Z.json,False,[],{},9,epoch-000027-2026-06-11T09-27-26-114Z,2
C:\Users\ramuc\keshimasu-ai\data\training\selfplay\f2\epoch-000028-2026-06-11T09-27-41-230Z.json,False,[],{},9,epoch-000028-2026-06-11T09-27-41-230Z,2
C:\Users\ramuc\keshimasu-ai\data\training\selfplay\f2\epoch-000029-2026-06-11T09-28-12-445Z.json,False,[],{},10,epoch-000029-2026-06-11T09-28-12-445Z,2
C:\Users\ramuc\keshimasu-ai\data\training\selfplay\f2\epoch-000030-2026-06-11T09-28-29-410Z.json,False,[],{},9,epoch-000030-2026-06-11T09-28-29-410Z,2
C:\Users\ramuc\keshimasu-ai\data\training\selfplay\f2\epoch-000031-2026-06-11T09-28-45-515Z.json,False,[],{},9,epoch-000031-2026-06-11T09-28-45-515Z,2
C:\Users\ramuc\keshimasu-ai\data\training\selfplay\f2\epoch-000033-2026-06-11T09-29-19-724Z.json,False,[],{},9,epoch-000033-2026-06-11T09-29-19-724Z,2
C:\Users\ramuc\keshimasu-ai\data\training\selfplay\f2\epoch-000034-2026-06-11T09-29-41-848Z.json,False,[],{},9,epoch-000034-2026-06-11T09-29-41-848Z,2
C:\Users\ramuc\keshimasu-ai\data\training\selfplay\f2\epoch-000035-2026-06-11T09-30-01-623Z.json,False,[],{},9,epoch-000035-2026-06-11T09-30-01-623Z,2
C:\Users\ramuc\keshimasu-ai\data\training\selfplay\f2\epoch-000036-2026-06-11T09-30-18-409Z.json,False,[],{},10,epoch-000036-2026-06-11T09-30-18-409Z,2
C:\Users\ramuc\keshimasu-ai\data\training\selfplay\f2\epoch-000038-2026-06-11T09-30-52-055Z.json,False,[],{},10,epoch-000038-2026-06-11T09-30-52-055Z,2
C:\Users\ramuc\keshimasu-ai\data\training\selfplay\f2\epoch-000039-2026-06-11T09-31-10-456Z.json,False,[],{},9,epoch-000039-2026-06-11T09-31-10-456Z,2
C:\Users\ramuc\keshimasu-ai\data\training\selfplay\f2\epoch-000040-2026-06-11T09-31-26-511Z.json,False,[],{},9,epoch-000040-2026-06-11T09-31-26-511Z,2
C:\Users\ramuc\keshimasu-ai\data\training\selfplay\f2\epoch-000041-2026-06-11T09-31-41-980Z.json,False,[],{},8,epoch-000041-2026-06-11T09-31-41-980Z,2
C:\Users\ramuc\keshimasu-ai\data\training\selfplay\f2\epoch-000045-2026-06-11T09-33-23-243Z.json,False,[],{},9,epoch-000045-2026-06-11T09-33-23-243Z,2
C:\Users\ramuc\keshimasu-ai\data\training\selfplay\f2\epoch-000046-2026-06-11T09-33-40-972Z.json,False,[],{},9,epoch-000046-2026-06-11T09-33-40-972Z,2
C:\Users\ramuc\keshimasu-ai\data\training\selfplay\f2\epoch-000049-2026-06-11T09-34-37-427Z.json,False,[],{},9,epoch-000049-2026-06-11T09-34-37-427Z,2
C:\Users\ramuc\keshimasu-ai\data\training\selfplay\f2\epoch-000050-2026-06-11T06-34-49-964Z.json,False,[],{},10,epoch-000050-2026-06-11T06-34-49-964Z,2
C:\Users\ramuc\keshimasu-ai\data\training\selfplay\f2\epoch-000050-2026-06-11T09-34-53-251Z.json,False,[],{},9,epoch-000050-2026-06-11T09-34-53-251Z,2
C:\Users\ramuc\keshimasu-ai\data\training\selfplay\f2\epoch-000052-2026-06-11T09-36-06-706Z.json,False,[],{},9,epoch-000052-2026-06-11T09-36-06-706Z,2
C:\Users\ramuc\keshimasu-ai\data\training\selfplay\f2\epoch-000053-2026-06-11T06-35-40-128Z.json,False,[],{},9,epoch-000053-2026-06-11T06-35-40-128Z,2
C:\Users\ramuc\keshimasu-ai\data\training\selfplay\f2\epoch-000053-2026-06-11T09-36-22-746Z.json,False,[],{},9,epoch-000053-2026-06-11T09-36-22-746Z,2
C:\Users\ramuc\keshimasu-ai\data\training\selfplay\f2\epoch-000054-2026-06-11T06-35-56-849Z.json,False,[],{},9,epoch-000054-2026-06-11T06-35-56-849Z,2
C:\Users\ramuc\keshimasu-ai\data\training\selfplay\f2\epoch-000054-2026-06-11T09-36-40-131Z.json,False,[],{},9,epoch-000054-2026-06-11T09-36-40-131Z,2
C:\Users\ramuc\keshimasu-ai\data\training\selfplay\f2\epoch-000056-2026-06-11T09-37-14-311Z.json,False,[],{},9,epoch-000056-2026-06-11T09-37-14-311Z,2
C:\Users\ramuc\keshimasu-ai\data\training\selfplay\f2\epoch-000058-2026-06-11T09-37-51-785Z.json,False,[],{},9,epoch-000058-2026-06-11T09-37-51-785Z,2
C:\Users\ramuc\keshimasu-ai\data\training\selfplay\f2\epoch-000059-2026-06-11T06-37-18-282Z.json,False,[],{},9,epoch-000059-2026-06-11T06-37-18-282Z,2
C:\Users\ramuc\keshimasu-ai\data\training\selfplay\f2\epoch-000059-2026-06-11T09-38-08-943Z.json,False,[],{},9,epoch-000059-2026-06-11T09-38-08-943Z,2
C:\Users\ramuc\keshimasu-ai\data\training\selfplay\f2\epoch-000060-2026-06-11T09-38-26-539Z.json,False,[],{},10,epoch-000060-2026-06-11T09-38-26-539Z,2
C:\Users\ramuc\keshimasu-ai\data\training\selfplay\f2\epoch-000061-2026-06-11T06-38-02-297Z.json,False,[],{},9,epoch-000061-2026-06-11T06-38-02-297Z,2
C:\Users\ramuc\keshimasu-ai\data\training\selfplay\f2\epoch-000061-2026-06-11T09-38-42-846Z.json,False,[],{},10,epoch-000061-2026-06-11T09-38-42-846Z,2
C:\Users\ramuc\keshimasu-ai\data\training\selfplay\f2\epoch-000062-2026-06-11T06-38-18-931Z.json,False,[],{},9,epoch-000062-2026-06-11T06-38-18-931Z,2
C:\Users\ramuc\keshimasu-ai\data\training\selfplay\f2\epoch-000062-2026-06-11T09-39-16-628Z.json,False,[],{},9,epoch-000062-2026-06-11T09-39-16-628Z,2
C:\Users\ramuc\keshimasu-ai\data\training\selfplay\f2\epoch-000063-2026-06-11T06-38-36-226Z.json,False,[],{},9,epoch-000063-2026-06-11T06-38-36-226Z,2
C:\Users\ramuc\keshimasu-ai\data\training\selfplay\f2\epoch-000063-2026-06-11T09-40-01-882Z.json,False,[],{},9,epoch-000063-2026-06-11T09-40-01-882Z,2
C:\Users\ramuc\keshimasu-ai\data\training\selfplay\f2\epoch-000064-2026-06-11T06-38-51-390Z.json,False,[],{},10,epoch-000064-2026-06-11T06-38-51-390Z,2
C:\Users\ramuc\keshimasu-ai\data\training\selfplay\f2\epoch-000064-2026-06-11T09-40-33-431Z.json,False,[],{},9,epoch-000064-2026-06-11T09-40-33-431Z,2
C:\Users\ramuc\keshimasu-ai\data\training\selfplay\f2\epoch-000065-2026-06-11T06-39-06-610Z.json,False,[],{},9,epoch-000065-2026-06-11T06-39-06-610Z,2
C:\Users\ramuc\keshimasu-ai\data\training\selfplay\f2\epoch-000065-2026-06-11T09-40-52-407Z.json,False,[],{},10,epoch-000065-2026-06-11T09-40-52-407Z,2
C:\Users\ramuc\keshimasu-ai\data\training\selfplay\f2\epoch-000067-2026-06-11T06-39-36-901Z.json,False,[],{},10,epoch-000067-2026-06-11T06-39-36-901Z,2
C:\Users\ramuc\keshimasu-ai\data\training\selfplay\f2\epoch-000067-2026-06-11T09-41-42-714Z.json,False,[],{},9,epoch-000067-2026-06-11T09-41-42-714Z,2
C:\Users\ramuc\keshimasu-ai\data\training\selfplay\f2\epoch-000069-2026-06-11T06-40-39-144Z.json,False,[],{},9,epoch-000069-2026-06-11T06-40-39-144Z,2
C:\Users\ramuc\keshimasu-ai\data\training\selfplay\f2\epoch-000069-2026-06-11T09-42-15-293Z.json,False,[],{},9,epoch-000069-2026-06-11T09-42-15-293Z,2
C:\Users\ramuc\keshimasu-ai\data\training\selfplay\f2\epoch-000070-2026-06-11T06-40-54-670Z.json,False,[],{},9,epoch-000070-2026-06-11T06-40-54-670Z,2
C:\Users\ramuc\keshimasu-ai\data\training\selfplay\f2\epoch-000070-2026-06-11T09-42-31-807Z.json,False,[],{},9,epoch-000070-2026-06-11T09-42-31-807Z,2
C:\Users\ramuc\keshimasu-ai\data\training\selfplay\f2\epoch-000071-2026-06-11T06-41-09-800Z.json,False,[],{},9,epoch-000071-2026-06-11T06-41-09-800Z,2
C:\Users\ramuc\keshimasu-ai\data\training\selfplay\f2\epoch-000071-2026-06-11T09-43-24-964Z.json,False,[],{},8,epoch-000071-2026-06-11T09-43-24-964Z,2
C:\Users\ramuc\keshimasu-ai\data\training\selfplay\f2\epoch-000072-2026-06-11T06-41-25-114Z.json,False,[],{},10,epoch-000072-2026-06-11T06-41-25-114Z,2
C:\Users\ramuc\keshimasu-ai\data\training\selfplay\f2\epoch-000072-2026-06-11T09-43-40-804Z.json,False,[],{},10,epoch-000072-2026-06-11T09-43-40-804Z,2
C:\Users\ramuc\keshimasu-ai\data\training\selfplay\f2\epoch-000073-2026-06-11T06-41-42-629Z.json,False,[],{},9,epoch-000073-2026-06-11T06-41-42-629Z,2
C:\Users\ramuc\keshimasu-ai\data\training\selfplay\f2\epoch-000073-2026-06-11T09-43-57-008Z.json,False,[],{},9,epoch-000073-2026-06-11T09-43-57-008Z,2
C:\Users\ramuc\keshimasu-ai\data\training\selfplay\f2\epoch-000074-2026-06-11T06-42-00-346Z.json,False,[],{},9,epoch-000074-2026-06-11T06-42-00-346Z,2
C:\Users\ramuc\keshimasu-ai\data\training\selfplay\f2\epoch-000074-2026-06-11T09-44-13-463Z.json,False,[],{},8,epoch-000074-2026-06-11T09-44-13-463Z,2
C:\Users\ramuc\keshimasu-ai\data\training\selfplay\f2\epoch-000075-2026-06-11T06-42-25-743Z.json,False,[],{},10,epoch-000075-2026-06-11T06-42-25-743Z,2
C:\Users\ramuc\keshimasu-ai\data\training\selfplay\f2\epoch-000076-2026-06-11T06-42-51-648Z.json,False,[],{},10,epoch-000076-2026-06-11T06-42-51-648Z,2
C:\Users\ramuc\keshimasu-ai\data\training\selfplay\f2\epoch-000076-2026-06-11T09-44-48-046Z.json,False,[],{},9,epoch-000076-2026-06-11T09-44-48-046Z,2
C:\Users\ramuc\keshimasu-ai\data\training\selfplay\f2\epoch-000077-2026-06-11T06-43-14-023Z.json,False,[],{},10,epoch-000077-2026-06-11T06-43-14-023Z,2
C:\Users\ramuc\keshimasu-ai\data\training\selfplay\f2\epoch-000078-2026-06-11T09-45-18-317Z.json,False,[],{},9,epoch-000078-2026-06-11T09-45-18-317Z,2
C:\Users\ramuc\keshimasu-ai\data\training\selfplay\f2\epoch-000079-2026-06-11T06-44-00-794Z.json,False,[],{},10,epoch-000079-2026-06-11T06-44-00-794Z,2
C:\Users\ramuc\keshimasu-ai\data\training\selfplay\f2\epoch-000080-2026-06-11T06-44-17-092Z.json,False,[],{},11,epoch-000080-2026-06-11T06-44-17-092Z,2
C:\Users\ramuc\keshimasu-ai\data\training\selfplay\f2\epoch-000081-2026-06-11T06-44-34-984Z.json,False,[],{},9,epoch-000081-2026-06-11T06-44-34-984Z,2
C:\Users\ramuc\keshimasu-ai\data\training\selfplay\f2\epoch-000082-2026-06-11T06-44-51-148Z.json,False,[],{},10,epoch-000082-2026-06-11T06-44-51-148Z,2
C:\Users\ramuc\keshimasu-ai\data\training\selfplay\f2\epoch-000083-2026-06-11T06-45-06-918Z.json,False,[],{},10,epoch-000083-2026-06-11T06-45-06-918Z,2
C:\Users\ramuc\keshimasu-ai\data\training\selfplay\f2\epoch-000084-2026-06-11T06-45-22-093Z.json,False,[],{},9,epoch-000084-2026-06-11T06-45-22-093Z,2
C:\Users\ramuc\keshimasu-ai\data\training\selfplay\f2\epoch-000085-2026-06-11T06-45-40-273Z.json,False,[],{},8,epoch-000085-2026-06-11T06-45-40-273Z,2
C:\Users\ramuc\keshimasu-ai\data\training\selfplay\f2\epoch-000086-2026-06-11T06-45-55-463Z.json,False,[],{},10,epoch-000086-2026-06-11T06-45-55-463Z,2
C:\Users\ramuc\keshimasu-ai\data\training\selfplay\f2\epoch-000087-2026-06-11T06-46-13-468Z.json,False,[],{},9,epoch-000087-2026-06-11T06-46-13-468Z,2
C:\Users\ramuc\keshimasu-ai\data\training\selfplay\f2\epoch-000088-2026-06-11T06-46-30-417Z.json,False,[],{},10,epoch-000088-2026-06-11T06-46-30-417Z,2
C:\Users\ramuc\keshimasu-ai\data\training\selfplay\f2\epoch-000089-2026-06-11T06-46-48-022Z.json,False,[],{},10,epoch-000089-2026-06-11T06-46-48-022Z,2
C:\Users\ramuc\keshimasu-ai\data\training\selfplay\f2\epoch-000090-2026-06-11T06-47-03-294Z.json,False,[],{},9,epoch-000090-2026-06-11T06-47-03-294Z,2
C:\Users\ramuc\keshimasu-ai\data\training\selfplay\f2\epoch-000091-2026-06-11T06-48-11-904Z.json,False,[],{},9,epoch-000091-2026-06-11T06-48-11-904Z,2
C:\Users\ramuc\keshimasu-ai\data\training\selfplay\f2\epoch-000092-2026-06-11T06-48-32-422Z.json,False,[],{},9,epoch-000092-2026-06-11T06-48-32-422Z,2
C:\Users\ramuc\keshimasu-ai\data\training\selfplay\f2\epoch-000093-2026-06-11T06-49-02-311Z.json,False,[],{},9,epoch-000093-2026-06-11T06-49-02-311Z,2
C:\Users\ramuc\keshimasu-ai\data\training\selfplay\f2\epoch-000095-2026-06-11T06-49-33-694Z.json,False,[],{},9,epoch-000095-2026-06-11T06-49-33-694Z,2
C:\Users\ramuc\keshimasu-ai\data\training\selfplay\f2\epoch-000096-2026-06-11T06-49-50-657Z.json,False,[],{},10,epoch-000096-2026-06-11T06-49-50-657Z,2
C:\Users\ramuc\keshimasu-ai\data\training\selfplay\f2\epoch-000097-2026-06-11T06-50-06-919Z.json,False,[],{},9,epoch-000097-2026-06-11T06-50-06-919Z,2
C:\Users\ramuc\keshimasu-ai\data\training\selfplay\f2\epoch-000098-2026-06-11T06-50-23-771Z.json,False,[],{},10,epoch-000098-2026-06-11T06-50-23-771Z,2
C:\Users\ramuc\keshimasu-ai\data\training\selfplay\f2\epoch-000099-2026-06-11T06-50-42-844Z.json,False,[],{},10,epoch-000099-2026-06-11T06-50-42-844Z,2
C:\Users\ramuc\keshimasu-ai\data\training\selfplay\f3\epoch-000000-2026-06-11T09-45-52-994Z.json,False,[],{},10,epoch-000000-2026-06-11T09-45-52-994Z,3
C:\Users\ramuc\keshimasu-ai\data\training\selfplay\f3\epoch-000000-2026-06-12T04-12-08-564Z.json,False,[],{},9,epoch-000000-2026-06-12T04-12-08-564Z,3
C:\Users\ramuc\keshimasu-ai\data\training\selfplay\f3\epoch-000000-2026-06-12T06-08-09-389Z.json,False,[],{},9,epoch-000000-2026-06-12T06-08-09-389Z,3
C:\Users\ramuc\keshimasu-ai\data\training\selfplay\f3\epoch-000001-2026-06-11T09-46-11-973Z.json,False,[],{},9,epoch-000001-2026-06-11T09-46-11-973Z,3
C:\Users\ramuc\keshimasu-ai\data\training\selfplay\f3\epoch-000001-2026-06-12T04-12-30-761Z.json,False,[],{},10,epoch-000001-2026-06-12T04-12-30-761Z,3
C:\Users\ramuc\keshimasu-ai\data\training\selfplay\f3\epoch-000001-2026-06-12T06-08-32-533Z.json,False,[],{},9,epoch-000001-2026-06-12T06-08-32-533Z,3
C:\Users\ramuc\keshimasu-ai\data\training\selfplay\f3\epoch-000002-2026-06-11T09-46-30-382Z.json,False,[],{},9,epoch-000002-2026-06-11T09-46-30-382Z,3
C:\Users\ramuc\keshimasu-ai\data\training\selfplay\f3\epoch-000002-2026-06-12T04-12-54-022Z.json,False,[],{},10,epoch-000002-2026-06-12T04-12-54-022Z,3
C:\Users\ramuc\keshimasu-ai\data\training\selfplay\f3\epoch-000002-2026-06-12T06-09-16-880Z.json,False,[],{},10,epoch-000002-2026-06-12T06-09-16-880Z,3
C:\Users\ramuc\keshimasu-ai\data\training\selfplay\f3\epoch-000003-2026-06-11T09-46-49-786Z.json,False,[],{},9,epoch-000003-2026-06-11T09-46-49-786Z,3
C:\Users\ramuc\keshimasu-ai\data\training\selfplay\f3\epoch-000003-2026-06-12T04-13-18-096Z.json,False,[],{},10,epoch-000003-2026-06-12T04-13-18-096Z,3
C:\Users\ramuc\keshimasu-ai\data\training\selfplay\f3\epoch-000003-2026-06-12T06-09-43-504Z.json,False,[],{},9,epoch-000003-2026-06-12T06-09-43-504Z,3
C:\Users\ramuc\keshimasu-ai\data\training\selfplay\f3\epoch-000004-2026-06-12T04-13-41-536Z.json,False,[],{},9,epoch-000004-2026-06-12T04-13-41-536Z,3
C:\Users\ramuc\keshimasu-ai\data\training\selfplay\f3\epoch-000004-2026-06-12T06-10-11-742Z.json,False,[],{},9,epoch-000004-2026-06-12T06-10-11-742Z,3
C:\Users\ramuc\keshimasu-ai\data\training\selfplay\f3\epoch-000005-2026-06-12T06-10-48-355Z.json,False,[],{},9,epoch-000005-2026-06-12T06-10-48-355Z,3
C:\Users\ramuc\keshimasu-ai\data\training\selfplay\f3\epoch-000006-2026-06-12T04-15-42-069Z.json,False,[],{},10,epoch-000006-2026-06-12T04-15-42-069Z,3
C:\Users\ramuc\keshimasu-ai\data\training\selfplay\f3\epoch-000006-2026-06-12T06-11-11-775Z.json,False,[],{},10,epoch-000006-2026-06-12T06-11-11-775Z,3
C:\Users\ramuc\keshimasu-ai\data\training\selfplay\f3\epoch-000007-2026-06-12T04-16-04-676Z.json,False,[],{},8,epoch-000007-2026-06-12T04-16-04-676Z,3
C:\Users\ramuc\keshimasu-ai\data\training\selfplay\f3\epoch-000007-2026-06-12T06-11-35-638Z.json,False,[],{},10,epoch-000007-2026-06-12T06-11-35-638Z,3
C:\Users\ramuc\keshimasu-ai\data\training\selfplay\f3\epoch-000008-2026-06-12T04-16-26-926Z.json,False,[],{},9,epoch-000008-2026-06-12T04-16-26-926Z,3
C:\Users\ramuc\keshimasu-ai\data\training\selfplay\f3\epoch-000008-2026-06-12T06-11-57-932Z.json,False,[],{},9,epoch-000008-2026-06-12T06-11-57-932Z,3
C:\Users\ramuc\keshimasu-ai\data\training\selfplay\f3\epoch-000009-2026-06-12T04-16-50-466Z.json,False,[],{},9,epoch-000009-2026-06-12T04-16-50-466Z,3
C:\Users\ramuc\keshimasu-ai\data\training\selfplay\f3\epoch-000009-2026-06-12T06-12-22-160Z.json,False,[],{},9,epoch-000009-2026-06-12T06-12-22-160Z,3
C:\Users\ramuc\keshimasu-ai\data\training\selfplay\f3\epoch-000010-2026-06-12T04-17-19-367Z.json,False,[],{},9,epoch-000010-2026-06-12T04-17-19-367Z,3
C:\Users\ramuc\keshimasu-ai\data\training\selfplay\f3\epoch-000010-2026-06-12T06-12-48-736Z.json,False,[],{},9,epoch-000010-2026-06-12T06-12-48-736Z,3
C:\Users\ramuc\keshimasu-ai\data\training\selfplay\f3\epoch-000011-2026-06-12T04-17-42-590Z.json,False,[],{},9,epoch-000011-2026-06-12T04-17-42-590Z,3
C:\Users\ramuc\keshimasu-ai\data\training\selfplay\f3\epoch-000011-2026-06-12T06-13-13-214Z.json,False,[],{},10,epoch-000011-2026-06-12T06-13-13-214Z,3
C:\Users\ramuc\keshimasu-ai\data\training\selfplay\f3\epoch-000012-2026-06-12T04-18-05-955Z.json,False,[],{},10,epoch-000012-2026-06-12T04-18-05-955Z,3
C:\Users\ramuc\keshimasu-ai\data\training\selfplay\f3\epoch-000012-2026-06-12T06-13-36-932Z.json,False,[],{},9,epoch-000012-2026-06-12T06-13-36-932Z,3
C:\Users\ramuc\keshimasu-ai\data\training\selfplay\f3\epoch-000013-2026-06-12T04-18-28-022Z.json,False,[],{},8,epoch-000013-2026-06-12T04-18-28-022Z,3
C:\Users\ramuc\keshimasu-ai\data\training\selfplay\f3\epoch-000013-2026-06-12T06-14-01-019Z.json,False,[],{},9,epoch-000013-2026-06-12T06-14-01-019Z,3
C:\Users\ramuc\keshimasu-ai\data\training\selfplay\f3\epoch-000014-2026-06-12T04-19-01-306Z.json,False,[],{},9,epoch-000014-2026-06-12T04-19-01-306Z,3
C:\Users\ramuc\keshimasu-ai\data\training\selfplay\f3\epoch-000014-2026-06-12T06-14-24-067Z.json,False,[],{},9,epoch-000014-2026-06-12T06-14-24-067Z,3
C:\Users\ramuc\keshimasu-ai\data\training\selfplay\f3\epoch-000015-2026-06-12T04-19-24-223Z.json,False,[],{},9,epoch-000015-2026-06-12T04-19-24-223Z,3
C:\Users\ramuc\keshimasu-ai\data\training\selfplay\f3\epoch-000015-2026-06-12T06-14-50-014Z.json,False,[],{},10,epoch-000015-2026-06-12T06-14-50-014Z,3
C:\Users\ramuc\keshimasu-ai\data\training\selfplay\f3\epoch-000016-2026-06-12T04-19-46-902Z.json,False,[],{},10,epoch-000016-2026-06-12T04-19-46-902Z,3
C:\Users\ramuc\keshimasu-ai\data\training\selfplay\f3\epoch-000016-2026-06-12T06-15-13-695Z.json,False,[],{},10,epoch-000016-2026-06-12T06-15-13-695Z,3
C:\Users\ramuc\keshimasu-ai\data\training\selfplay\f3\epoch-000017-2026-06-12T04-20-11-468Z.json,False,[],{},9,epoch-000017-2026-06-12T04-20-11-468Z,3
C:\Users\ramuc\keshimasu-ai\data\training\selfplay\f3\epoch-000017-2026-06-12T06-15-37-806Z.json,False,[],{},10,epoch-000017-2026-06-12T06-15-37-806Z,3
C:\Users\ramuc\keshimasu-ai\data\training\selfplay\f3\epoch-000018-2026-06-12T04-20-34-640Z.json,False,[],{},10,epoch-000018-2026-06-12T04-20-34-640Z,3
C:\Users\ramuc\keshimasu-ai\data\training\selfplay\f3\epoch-000018-2026-06-12T06-16-02-402Z.json,False,[],{},9,epoch-000018-2026-06-12T06-16-02-402Z,3
C:\Users\ramuc\keshimasu-ai\data\training\selfplay\f3\epoch-000019-2026-06-12T04-21-05-684Z.json,False,[],{},9,epoch-000019-2026-06-12T04-21-05-684Z,3
C:\Users\ramuc\keshimasu-ai\data\training\selfplay\f3\epoch-000019-2026-06-12T06-16-25-769Z.json,False,[],{},10,epoch-000019-2026-06-12T06-16-25-769Z,3
C:\Users\ramuc\keshimasu-ai\data\training\selfplay\f3\epoch-000020-2026-06-12T04-21-29-913Z.json,False,[],{},9,epoch-000020-2026-06-12T04-21-29-913Z,3
C:\Users\ramuc\keshimasu-ai\data\training\selfplay\f3\epoch-000020-2026-06-12T06-17-00-172Z.json,False,[],{},10,epoch-000020-2026-06-12T06-17-00-172Z,3
C:\Users\ramuc\keshimasu-ai\data\training\selfplay\f3\epoch-000021-2026-06-12T04-21-52-657Z.json,False,[],{},10,epoch-000021-2026-06-12T04-21-52-657Z,3
C:\Users\ramuc\keshimasu-ai\data\training\selfplay\f3\epoch-000021-2026-06-12T06-17-23-288Z.json,False,[],{},10,epoch-000021-2026-06-12T06-17-23-288Z,3
C:\Users\ramuc\keshimasu-ai\data\training\selfplay\f3\epoch-000022-2026-06-12T06-18-13-649Z.json,False,[],{},9,epoch-000022-2026-06-12T06-18-13-649Z,3
C:\Users\ramuc\keshimasu-ai\data\training\selfplay\f3\epoch-000023-2026-06-12T06-18-36-958Z.json,False,[],{},9,epoch-000023-2026-06-12T06-18-36-958Z,3
C:\Users\ramuc\keshimasu-ai\data\training\selfplay\f3\epoch-000024-2026-06-12T06-19-02-182Z.json,False,[],{},9,epoch-000024-2026-06-12T06-19-02-182Z,3
C:\Users\ramuc\keshimasu-ai\data\training\selfplay\f3\epoch-000025-2026-06-12T06-19-25-705Z.json,False,[],{},9,epoch-000025-2026-06-12T06-19-25-705Z,3
C:\Users\ramuc\keshimasu-ai\data\training\selfplay\f3\epoch-000026-2026-06-12T06-20-00-131Z.json,False,[],{},10,epoch-000026-2026-06-12T06-20-00-131Z,3
C:\Users\ramuc\keshimasu-ai\data\training\selfplay\f3\epoch-000027-2026-06-12T06-20-23-032Z.json,False,[],{},9,epoch-000027-2026-06-12T06-20-23-032Z,3
C:\Users\ramuc\keshimasu-ai\data\training\selfplay\f3\epoch-000028-2026-06-12T06-20-47-355Z.json,False,[],{},9,epoch-000028-2026-06-12T06-20-47-355Z,3
C:\Users\ramuc\keshimasu-ai\data\training\selfplay\f3\epoch-000029-2026-06-12T06-21-12-946Z.json,False,[],{},9,epoch-000029-2026-06-12T06-21-12-946Z,3
C:\Users\ramuc\keshimasu-ai\data\training\selfplay\f3\epoch-000030-2026-06-12T06-21-37-267Z.json,False,[],{},10,epoch-000030-2026-06-12T06-21-37-267Z,3
C:\Users\ramuc\keshimasu-ai\data\training\selfplay\f3\epoch-000031-2026-06-12T06-22-00-903Z.json,False,[],{},9,epoch-000031-2026-06-12T06-22-00-903Z,3
C:\Users\ramuc\keshimasu-ai\data\training\selfplay\f3\epoch-000032-2026-06-12T06-23-11-835Z.json,False,[],{},9,epoch-000032-2026-06-12T06-23-11-835Z,3
C:\Users\ramuc\keshimasu-ai\data\training\selfplay\f3\epoch-000033-2026-06-12T06-23-36-334Z.json,False,[],{},9,epoch-000033-2026-06-12T06-23-36-334Z,3
C:\Users\ramuc\keshimasu-ai\data\training\selfplay\f3\epoch-000034-2026-06-12T06-24-02-684Z.json,False,[],{},9,epoch-000034-2026-06-12T06-24-02-684Z,3
C:\Users\ramuc\keshimasu-ai\data\training\selfplay\f3\epoch-000035-2026-06-12T06-24-55-878Z.json,False,[],{},9,epoch-000035-2026-06-12T06-24-55-878Z,3
C:\Users\ramuc\keshimasu-ai\data\training\selfplay\f3\epoch-000036-2026-06-12T06-25-20-962Z.json,False,[],{},9,epoch-000036-2026-06-12T06-25-20-962Z,3
C:\Users\ramuc\keshimasu-ai\data\training\selfplay\f3\epoch-000037-2026-06-12T06-25-46-226Z.json,False,[],{},9,epoch-000037-2026-06-12T06-25-46-226Z,3
C:\Users\ramuc\keshimasu-ai\data\training\selfplay\f3\epoch-000038-2026-06-12T06-26-12-170Z.json,False,[],{},9,epoch-000038-2026-06-12T06-26-12-170Z,3
C:\Users\ramuc\keshimasu-ai\data\training\selfplay\f3\epoch-000039-2026-06-12T06-27-17-546Z.json,False,[],{},9,epoch-000039-2026-06-12T06-27-17-546Z,3
