id,mode,hardness_score,hardness_label,elapsed_ms,nodes,visited_states,max_depth,timeout,node_limit_reached,solution_steps,solution_horizontal_moves,solution_vertical_moves,solution_average_word_length,solution_min_word_length,solution_max_word_length,expected_steps,expected_horizontal_moves,expected_vertical_moves,expected_average_word_length,expected_min_word_length,expected_max_word_length,board_char_count,board_empty_count,board_f_count,board_f_rate,board_unique_chars,board_char_entropy,visible_f_count,visible_unique_chars,board_column_heights,initial_candidate_count,initial_horizontal_candidate_count,initial_vertical_candidate_count,initial_f_candidate_count,initial_avg_candidate_length,initial_max_candidate_length,initial_min_candidate_length,initial_unique_word_count,initial_candidate_cells_coverage_mean,initial_horizontal_candidate_rate,initial_vertical_candidate_rate,initial_f_candidate_rate,initial_len2_candidate_count,initial_len3_candidate_count,initial_len4_candidate_count,initial_len5_candidate_count,max_f_in_column,max_consecutive_f_in_column,initial_legal_candidate_count,initial_no_f_long_candidate_count,initial_no_f_vertical_long_candidate_count,initial_visible_solution_count,initial_visible_solution_no_f_count,initial_visible_solution_long_no_f_count,initial_visible_solution_vertical_long_no_f_count,independent_visible_solution_columns,solution_steps_not_initially_visible,solution_f_move_count,initial_ambiguous_f_rate,falling_no_f_long_candidate_max,initial_trap_move_count,initial_trap_move_rate,low_f_trap_move_count,low_f_trap_move_rate,trap_average_f_usage_rate,trap_low_f_bonus,generation_attempt,board_key
264,country,2305,extreme,7,45,44,10,false,false,10,4,6,4,2,5,10,4,6,4,2,5,40,0,3,0.075,24,4.328,3,17,8|8|8|8|8,64,3,61,60,3.047,5,2,51,4.875,0.047,0.953,0.938,10,42,11,1,3,3,64,2,2,4,3,2,2,4,6,1,0.938,0,60,0.938,1,0.017,0.896,1,0,オマーンア/クソマカン/ボロアタゴ/エモFーア/スンFルア/トゴFリマ/ニルアチリ/アツツナラ
265,country,976,extreme,5,13,12,9,false,false,9,8,1,4.444,4,5,9,8,1,4.444,4,5,40,0,3,0.075,22,4.178,3,17,8|8|8|8|8,66,65,1,62,3.212,5,2,55,5.3,0.985,0.015,0.939,6,42,16,2,1,1,66,4,1,1,0,0,0,0,8,6,0.939,0,65,0.985,4,0.062,0.855,4,0,ブルガリー/ハンガリア/カタールル/ブルンジラ/エクアドト/ザンビアビ/イギリスア/アFFFア
266,country,9475,extreme,88,245,244,9,false,false,9,4,5,4.444,4,5,9,4,5,4.444,4,5,40,0,3,0.075,25,4.465,3,18,8|8|8|8|8,54,2,52,51,3.037,5,2,47,4.1,0.037,0.963,0.944,8,38,6,2,3,3,54,3,3,4,3,3,3,4,5,1,0.944,0,50,0.926,0,0,0.947,0,0,タネパール/パンザニン/エアスタア/カメプFフ/ンリスFィ/ボカリFリ/ジキナルピ/アジムトン
267,country,8500,extreme,27,205,204,9,false,false,9,4,5,4.444,2,5,9,4,5,4.444,2,5,40,0,3,0.075,23,4.294,3,16,8|8|8|8|8,62,2,60,60,3.113,5,2,51,4.825,0.032,0.968,0.968,7,43,10,2,3,3,62,2,2,2,2,2,2,2,7,1,0.968,0,60,0.968,0,0,0.901,0,1,ポーパエウ/ニカラスク/トングトラ/カエアニF/ンチインF/ボオラチF/ジピラグア/アアガアナ
268,country,2646,extreme,16,58,57,10,false,false,10,4,6,4,2,5,10,4,6,4,2,5,40,0,3,0.075,27,4.544,3,19,8|8|8|8|8,51,3,48,47,2.941,4,2,45,3.75,0.059,0.941,0.922,9,36,6,0,3,3,51,3,3,4,4,3,3,4,6,1,0.922,0,47,0.922,1,0.021,0.952,1,1,ノルウェー/ケニアスマ/キュースレ/キリバFチ/ベボスFリ/ルツーFー/ギワダバシ/ーナンカア
269,country,865,extreme,6,10,9,9,false,false,9,4,5,4.444,3,5,9,4,5,4.444,3,5,40,0,3,0.075,24,4.344,3,17,8|8|8|8|8,68,5,63,67,3.191,5,2,56,5.425,0.074,0.926,0.985,8,43,13,4,3,3,68,1,0,2,0,0,0,1,7,4,0.985,0,66,0.971,2,0.03,0.868,2,1,バハアニア/ルンメザサ/バガリンン/フランスマ/クロアFア/ノルウFー/ドリカFリ/スーケアノ
270,country,31563,extreme,105,824,823,9,false,false,9,4,5,4.444,4,5,9,4,5,4.444,4,5,40,0,3,0.075,25,4.396,3,18,8|8|8|8|8,52,48,4,51,2.904,5,2,43,3.775,0.923,0.077,0.981,10,38,3,1,1,1,52,1,1,2,1,1,1,2,7,3,0.981,0,50,0.962,0,0,0.937,0,2,ポイエメン/ニーインド/アカギモア/エアリロガ/チFFFイ/オリラコア/ピカラグア/アルバニナ
271,country,17864,extreme,175,467,466,10,false,false,10,4,6,4,3,5,10,4,6,4,3,5,40,0,3,0.075,29,4.715,3,20,8|8|8|8|8,62,60,2,59,3.113,5,2,52,4.825,0.968,0.032,0.952,7,42,12,1,1,1,62,3,2,1,1,1,1,1,9,3,0.952,0,61,0.984,2,0.033,0.883,2,2,パナキギア/ナスュリン/マペーシー/カイバャナ/タFFFア/ーヨルダン/ルフィジゴ/ウクライラ
272,country,762,extreme,4,11,10,10,false,false,10,8,2,4,3,5,10,8,2,4,3,5,40,0,3,0.075,24,4.274,3,17,8|8|8|8|8,51,2,49,50,3,4,2,44,3.825,0.039,0.961,0.98,6,39,6,0,3,3,51,1,0,1,1,1,0,0,9,1,0.98,0,50,0.98,0,0,0.948,0,2,キルギスン/ペラジルオ/ルメルーラ/ールワンン/ブバハFダ/カエジFダ/モルデFト/ネパールブ
273,country,28498,extreme,74,674,673,9,false,false,9,4,5,4.444,3,5,9,4,5,4.444,3,5,40,0,3,0.075,30,4.765,3,20,8|8|8|8|8,55,2,53,54,3.073,5,2,48,4.225,0.036,0.964,0.982,6,40,8,1,3,3,55,1,0,3,1,1,0,1,6,2,0.982,0,52,0.945,0,0,0.946,0,3,ハポグタブ/ンルレソト/ガトナィエ/リガダFチ/パキスFン/ールレFオ/モルデンピ/モロッコア
274,country,240242,extreme,1032,5911,5910,10,false,false,10,4,6,4,3,5,10,4,6,4,3,5,40,0,3,0.075,24,4.403,3,17,8|8|8|8|8,55,1,54,54,3.036,4,2,47,4.175,0.018,0.982,0.982,6,41,8,0,3,3,55,0,0,3,1,0,0,2,7,2,0.982,0,52,0.945,0,0,0.946,0,3,ジルワンダ/ョマンメナ/ーキーキウ/ジプFシル/アロFコル/オラFダマ/オスンンル/イスラエタ
275,country,1733,extreme,43,34,33,9,false,false,9,4,5,4.444,4,5,9,4,5,4.444,4,5,40,0,3,0.075,24,4.415,3,17,8|8|8|8|8,65,1,64,62,3.215,5,2,55,5.225,0.015,0.985,0.954,6,43,12,4,3,3,65,3,3,4,3,3,3,4,5,1,0.954,0,61,0.938,0,0,0.9,0,3,キルギスコ/カモロッン/ベメルース/スネズエリ/ロアガFラ/バメイFン/キリアFカ/アカナアラ
276,country,42704,extreme,235,1022,1021,9,false,false,9,4,5,4.444,3,5,9,4,5,4.444,3,5,40,0,3,0.075,26,4.513,3,20,8|8|8|8|8,63,5,58,63,3.127,5,2,50,4.925,0.079,0.921,1,7,42,13,1,3,3,63,0,0,3,0,0,0,1,6,3,1,0,60,0.952,2,0.033,0.896,2,4,シロアアイ/デセキコモ/ンリプスル/マFロタデ/コFンビア/ーFルビア/クアスリィ/パナグカブ
277,country,820,extreme,8,10,9,9,false,false,9,3,6,4.444,4,5,9,3,6,4.444,4,5,40,0,3,0.075,27,4.515,3,19,8|8|8|8|8,60,2,58,57,3.1,5,2,49,4.65,0.033,0.967,0.95,8,41,8,3,3,3,60,3,3,4,3,3,3,4,5,1,0.95,0,56,0.933,0,0,0.915,0,4,ボフビアア/キィーバメ/ベリーズリ/Fピベエオ/Fンラスマ/Fリルトー/ンューニン/ドリシアカ
278,country,790,extreme,6,10,9,9,false,false,9,4,5,4.444,4,5,9,4,5,4.444,4,5,40,0,3,0.075,24,4.365,3,16,8|8|8|8|8,64,0,64,61,3.203,5,2,55,5.125,0,1,0.953,6,42,13,3,3,3,64,3,3,3,2,2,2,3,6,2,0.953,0,61,0.953,1,0.016,0.897,1,5,ブネネイイ/パスグアラ/ベーズエル/アダシェエ/ンルキアF/ゴラュンF/ランードF/セーバラア
279,country,219345,extreme,632,5260,5259,10,false,false,10,4,6,4,3,5,10,4,6,4,3,5,40,0,3,0.075,26,4.494,3,18,8|8|8|8|8,61,0,61,58,3.098,4,2,51,4.725,0,1,0.951,6,43,12,0,3,3,61,2,2,4,3,2,2,4,6,1,0.951,0,57,0.934,0,0,0.925,0,6,カブレタン/ンウバンダ/ボブノネイ/ジインメン/アキーFネ/ツプガFパ/バロルFー/ルスエアル
280,country,8633,extreme,238,254,253,10,false,false,10,4,6,4,2,5,10,4,6,4,2,5,40,0,3,0.075,30,4.734,3,19,8|8|8|8|8,54,0,54,52,3.019,4,2,47,4.075,0,1,0.963,7,39,8,0,3,3,54,2,2,2,2,2,2,2,8,1,0.963,0,52,0.963,0,0,0.942,0,6,モミキナン/ウャュアツ/タンーィイ/イマバアギ/オFベブリ/ラFヌルス/ンFデネブ/ダルグイイ
281,country,895,extreme,3,10,9,8,false,false,8,3,5,5,5,5,8,3,5,5,5,5,40,0,3,0.075,24,4.375,3,16,8|8|8|8|8,63,57,6,61,3.206,5,2,53,5.05,0.905,0.095,0.968,6,43,9,5,1,1,63,2,2,5,2,2,2,5,3,3,0.968,0,58,0.921,0,0,0.915,0,7,スロバキア/コロンビア/イスラエル/デマカエジ/ンレメクョ/FFFアー/ーシードジ/クアンルア
282,country,884,extreme,9,12,11,10,false,false,10,3,7,4,2,5,10,3,7,4,2,5,40,0,3,0.075,26,4.484,3,20,8|8|8|8|8,66,4,62,63,3.045,5,2,51,5.025,0.061,0.939,0.955,11,43,10,2,3,3,66,1,1,4,3,1,1,4,6,2,0.955,0,62,0.939,0,0,0.895,0,7,インリアイ/サグマベエ/ジアチリメ/チテルーン/ュマFズモ/ニタFリナ/ジラFマコ/アブアリノ
283,country,21568,extreme,78,509,508,9,false,false,9,4,5,4.444,3,5,9,4,5,4.444,3,5,40,0,3,0.075,25,4.496,3,19,8|8|8|8|8,60,60,0,58,3.1,5,2,50,4.65,1,0,0.967,6,43,10,1,1,1,60,1,0,3,2,1,0,0,6,4,0.967,0,57,0.95,0,0,0.925,0,8,ミャアブー/エモンラバ/スルベジー/トデトルレ/モルドバー/ニィニウエ/クFFFア/アブムマン
284,country,1031,extreme,19,18,17,9,false,false,9,4,5,4.444,3,5,9,4,5,4.444,3,5,40,0,3,0.075,27,4.578,3,19,8|8|8|8|8,58,3,55,57,3.052,5,2,48,4.425,0.052,0.948,0.983,8,41,7,2,3,3,58,1,1,3,1,1,1,2,6,2,0.983,0,55,0.948,0,0,0.926,0,8,スカベーポ/バロモニル/ススロート/Fリッパガ/Fナタラル/Fンドグル/ンムコアア/カーレイン
285,country,1497,extreme,13,31,30,9,false,false,9,4,5,4.444,4,5,9,4,5,4.444,4,5,40,0,3,0.075,26,4.404,3,18,8|8|8|8|8,59,2,57,56,3.068,5,2,48,4.525,0.034,0.966,0.949,8,40,10,1,3,3,59,3,3,4,3,3,3,4,5,1,0.949,0,55,0.932,0,0,0.926,0,9,ベウーズト/クガェーア/アイバニア/Fアオニカ/Fリマイン/Fナーエボ/ンルンメジ/スンザンア
286,country,815,extreme,7,10,9,9,false,false,9,4,5,4.444,3,5,9,4,5,4.444,3,5,40,0,3,0.075,27,4.603,3,19,8|8|8|8|8,63,0,63,61,3.206,5,2,53,5.05,0,1,0.968,6,42,11,4,3,3,63,2,2,3,2,2,2,3,6,1,0.968,0,60,0.952,0,0,0.912,0,9,インベブエ/ジキトイカ/ジリナリー/ハバムクエ/ザランウF/ンスバェF/ビャマーF/アンガトア
287,country,750,extreme,5,10,9,9,false,false,9,3,6,4.444,3,5,9,3,6,4.444,3,5,40,0,3,0.075,27,4.584,3,18,8|8|8|8|8,53,51,2,50,3,4,2,46,3.975,0.962,0.038,0.943,7,39,7,0,1,1,53,2,0,2,2,1,0,1,7,4,0.943,0,51,0.962,1,0.02,0.933,1,10,ベトベエカ/クパラクメ/ウラルアル/ェグードー/ルワンダチ/FFFルャ/トイナムド/キューバン
288,country,115789,extreme,804,2802,2801,9,false,false,9,3,6,4.444,4,5,9,3,6,4.444,4,5,40,0,3,0.075,27,4.534,3,17,8|8|8|8|8,63,2,61,62,3.143,5,2,52,4.95,0.032,0.968,0.984,6,43,13,1,3,3,63,1,1,3,1,1,1,1,6,3,0.984,0,60,0.952,0,0,0.913,0,10,サミノアネ/ンポビエパ/マルエチー/リトリオル/ノガFピア/ブルFジメ/レバFンリ/ナルアアカ
289,country,11514,extreme,73,267,266,9,false,false,9,8,1,4.444,4,5,9,8,1,4.444,4,5,40,0,3,0.075,25,4.478,3,17,8|8|8|8|8,66,64,2,64,3.136,5,2,55,5.175,0.97,0.03,0.97,8,42,15,1,1,1,66,2,0,1,1,1,0,0,8,3,0.97,0,65,0.985,1,0.015,0.882,1,11,ウクライナ/レバノンア/ジョージン/アルメニキ/モルドバル/ブFFFア/スリナムギ/バーレース
290,country,697,extreme,4,11,10,10,false,false,10,4,6,4,3,5,10,4,6,4,3,5,40,0,3,0.075,25,4.446,3,18,8|8|8|8|8,48,47,1,47,2.896,5,2,41,3.475,0.979,0.021,0.979,8,38,1,1,1,1,48,0,0,1,0,0,0,0,9,6,0.979,0,47,0.979,1,0.021,0.933,1,11,スロバキア/パキブキメ/イミーュキ/ンャロシア/ドンターシ/ラマンバコ/オープロス/FFFリカ
291,country,877,extreme,5,11,10,10,false,false,10,5,5,4,3,5,10,5,5,4,3,5,40,0,3,0.075,28,4.634,3,17,8|8|8|8|8,66,61,5,63,3.167,5,2,53,5.225,0.924,0.076,0.955,6,45,13,2,1,1,66,2,2,3,2,2,2,3,7,3,0.955,0,63,0.955,2,0.032,0.886,2,12,ノルパラオ/モナウェー/シリコィブ/モイイエウ/セエラスル/ネメクトグ/ガFFFア/ルルデアイ
292,country,106999,extreme,672,2512,2511,9,false,false,9,8,1,4.444,4,5,9,8,1,4.444,4,5,40,0,3,0.075,29,4.684,3,20,8|8|8|8|8,48,6,42,47,2.979,5,2,43,3.575,0.125,0.875,0.979,8,36,1,3,3,3,48,1,0,1,0,0,0,0,8,5,0.979,0,47,0.979,3,0.064,0.923,3,12,クガイアナ/スバヌアツ/ベモロッコ/トンマーク/デグレナダ/Fロアチア/Fリランカ/Fンバブエ
293,country,1295,extreme,9,20,19,8,false,false,8,3,5,5,5,5,8,3,5,5,5,5,40,0,3,0.075,24,4.328,3,14,8|8|8|8|8,66,1,65,64,3.197,5,2,55,5.275,0.015,0.985,0.97,7,43,12,4,3,3,66,2,2,3,2,2,2,3,5,2,0.97,0,63,0.955,0,0,0.901,0,13,パキグアン/パラカノイ/ベランルシ/リジボウス/トョジェF/アースタF/ニジアーF/アアルーア
294,country,720,extreme,8,10,9,9,false,false,9,3,6,4.444,3,5,9,3,6,4.444,3,5,40,0,3,0.075,27,4.615,3,19,8|8|8|8|8,50,5,45,48,2.9,4,2,41,3.625,0.1,0.9,0.96,7,41,2,0,3,3,50,1,0,2,2,1,0,1,7,1,0.96,0,48,0.96,1,0.021,0.932,1,13,コキハロパ/スタンポラ/タンガーグ/リザリFア/トニーFイ/ンフラFス/ガアプドス/カモルドバ
295,country,755,extreme,7,10,9,9,false,false,9,8,1,4.444,4,5,9,8,1,4.444,4,5,40,0,3,0.075,29,4.684,3,19,8|8|8|8|8,50,50,0,46,3.04,5,2,46,3.8,1,0,0.92,6,37,6,1,1,1,50,4,0,2,2,2,0,0,7,4,0.92,0,48,0.96,2,0.042,0.936,2,14,デリトリア/ニナミビア/エモルドバ/チュニジア/カスーダン/ラキルギス/グキプロス/アFFFク
296,country,855,extreme,5,10,9,9,false,false,9,4,5,4.444,4,5,9,4,5,4.444,4,5,40,0,3,0.075,24,4.394,3,18,8|8|8|8|8,54,49,5,52,3.074,5,2,48,4.15,0.907,0.093,0.963,6,39,8,1,1,1,54,2,2,4,2,2,2,4,5,3,0.963,0,50,0.926,0,0,0.948,0,14,スロガニア/スロンキア/チセビビア/セュアジブ/ーFFFル/シトバツン/ェナルワジ/ルムニナア
297,country,9624,extreme,51,227,226,9,false,false,9,8,1,4.444,3,5,9,8,1,4.444,3,5,40,0,3,0.075,23,4.284,3,16,8|8|8|8|8,57,54,3,53,3.175,5,2,49,4.525,0.947,0.053,0.93,8,39,2,8,1,1,57,3,0,1,1,1,0,0,8,1,0.93,0,56,0.982,3,0.054,0.855,3,15,ニカラグア/パロバキア/スアンゴラ/ナャンマー/FFFニア/リマラウイ/マスペイン/ポーランド
298,country,921,extreme,7,13,12,10,false,false,10,4,6,4,2,5,10,4,6,4,2,5,40,0,3,0.075,26,4.494,3,16,8|8|8|8|8,60,3,57,59,3.017,4,2,49,4.525,0.05,0.95,0.983,9,41,10,0,3,3,60,0,0,2,1,0,0,2,8,2,0.983,0,58,0.967,0,0,0.901,0,15,コメツワナ/スボレロブ/カキバキー/タFノュタ/チFルーン/リFンーン/リンプバス/カダンゴラ
299,country,9401,extreme,33,223,222,10,false,false,10,8,2,4,3,5,10,8,2,4,3,5,40,0,3,0.075,25,4.354,3,16,8|8|8|8|8,62,61,1,59,3.081,4,2,50,4.775,0.984,0.016,0.952,6,45,11,0,1,1,62,1,1,1,1,1,1,1,9,3,0.952,0,61,0.984,2,0.033,0.888,2,16,エキプロフ/ブアンドラ/アチオピス/アトンガラ/モモナコア/ルータンン/ドンゴラス/バFFFア
300,country,707,extreme,8,11,10,10,false,false,10,4,6,4,2,5,10,4,6,4,2,5,40,0,3,0.075,25,4.496,3,18,8|8|8|8|8,49,43,6,47,2.918,5,2,43,3.575,0.878,0.122,0.959,9,36,3,1,1,1,49,1,1,1,0,0,0,1,9,3,0.959,0,48,0.98,3,0.063,0.917,3,16,コロンビア/パロシアア/セキメタメ/ハベキフリ/ンルシィカ/FFFジタ/リースーイ/ーネガルン
301,country,837,extreme,2,11,10,9,false,false,9,4,5,4.444,2,5,9,4,5,4.444,2,5,40,0,3,0.075,23,4.346,3,15,8|8|8|8|8,61,1,60,61,3.098,5,2,49,4.725,0.016,0.984,1,6,44,10,1,3,3,61,0,0,1,0,0,0,1,8,1,1,0,60,0.984,0,0,0.906,0,17,ニチスベル/ジュリトル/ョニラナカ/ージンムリ/ジアカーF/アジェェF/セーシリF/コスタチア
302,country,922,extreme,6,11,10,10,false,false,10,0,10,4,3,5,10,0,10,4,3,5,40,0,3,0.075,26,4.496,3,17,8|8|8|8|8,67,4,63,62,3.075,5,2,51,5.15,0.06,0.94,0.925,10,44,11,2,3,3,67,2,2,5,4,2,2,5,5,2,0.925,0,62,0.925,1,0.016,0.885,1,17,ナジイレジ/ミョンバン/ビードノバ/アジFンブ/イアFギパ/タマFリラ/リルアシオ/アタイャエ
303,country,877,extreme,5,11,10,10,false,false,10,3,7,4,2,5,10,3,7,4,2,5,40,0,3,0.075,25,4.465,3,16,8|8|8|8|8,66,0,66,62,3.212,5,2,56,5.3,0,1,0.939,6,43,14,3,3,3,66,3,3,5,4,3,3,5,5,1,0.939,0,61,0.924,0,0,0.914,0,18,カタールイ/チレナダタ/リプロスリ/グルバブモ/キーーFル/イマレFド/ラニーFバ/ンアンアア
304,country,4278,extreme,43,99,98,9,false,false,9,4,5,4.444,4,5,9,4,5,4.444,4,5,40,0,3,0.075,25,4.375,3,17,8|8|8|8|8,63,59,4,59,3.127,5,2,53,4.925,0.937,0.063,0.937,7,42,13,1,1,1,63,4,4,4,4,4,4,4,5,0,0.937,0,59,0.937,0,0,0.913,0,18,ウルグアイ/ジョンジア/コロザビア/タFFFア/レフュアウ/バィーンガ/ノジードン/ンーバラダ
305,country,875,extreme,4,10,9,9,false,false,9,4,5,4.444,4,5,9,4,5,4.444,4,5,40,0,3,0.075,25,4.396,3,18,8|8|8|8|8,62,59,3,59,3.145,5,2,52,4.875,0.952,0.048,0.952,6,42,13,1,1,1,62,3,3,3,3,3,3,3,6,0,0.952,0,59,0.952,0,0,0.919,0,19,カンウジア/サンガリノ/ジセンキル/フFFFア/ィフボバブ/リラマスー/ピンネガタ/ンスージン
306,country,4464,extreme,50,102,101,10,false,false,10,4,6,4,3,5,10,4,6,4,3,5,40,0,3,0.075,29,4.663,3,18,8|8|8|8|8,64,1,63,61,3.125,5,2,52,5,0.016,0.984,0.953,6,45,12,1,3,3,64,1,1,4,3,1,1,3,6,1,0.953,0,60,0.938,0,0,0.915,0,19,アメリカセ/ボクビアネ/コウボタガ/エェベナン/チーFンル/オトFザペ/ピリFニル/アソアアー
307,country,5029,extreme,44,127,126,9,false,false,9,8,1,4.444,2,5,9,8,1,4.444,2,5,40,0,3,0.075,23,4.328,3,16,8|8|8|8|8,52,50,2,51,2.962,4,2,45,3.85,0.962,0.038,0.981,8,38,6,0,1,1,52,1,0,1,1,1,0,0,8,2,0.981,0,51,0.981,0,0,0.943,0,20,ミャンマア/マレーシカ/コスタリマ/ポルトガリ/イスラエー/FFFルル/リトアニル/ブータンア
308,country,12457,extreme,82,301,300,10,false,false,10,3,7,4,2,5,10,3,7,4,2,5,40,0,3,0.075,27,4.584,3,17,8|8|8|8|8,52,47,5,51,2.923,5,2,42,3.8,0.904,0.096,0.981,8,41,2,1,1,1,52,0,0,4,1,0,0,3,6,5,0.981,0,48,0.923,0,0,0.95,0,20,チュパジブ/メタナアル/イベマウネ/コネニクハ/ロズシライ/ンエリイチ/FFFコイ/アラリナア
309,country,103951,extreme,376,2573,2572,10,false,false,10,8,2,4,2,5,10,8,2,4,2,5,40,0,3,0.075,27,4.563,3,19,8|8|8|8|8,63,61,2,59,3.127,5,2,52,4.925,0.968,0.032,0.937,8,41,12,2,1,1,63,4,0,2,1,1,0,0,8,2,0.937,0,61,0.968,3,0.049,0.87,3,21,イエメンブ/タガンダー/イボリビア/ウレバノン/バヌアツタ/ベFFFン/スリランカ/クウェート
310,country,792,extreme,5,11,10,10,false,false,10,3,7,4,2,5,10,3,7,4,2,5,40,0,3,0.075,24,4.415,3,18,8|8|8|8|8,61,2,59,58,3.082,5,2,51,4.7,0.033,0.967,0.951,9,40,10,2,3,3,61,2,2,2,1,1,1,2,8,1,0.951,0,59,0.967,2,0.034,0.888,2,21,キリバスニ/ボトワナホ/バアバマン/ジニフルナ/ョアFマミ/ーリFリビ/ジツFタア/アルンドス
311,country,6153,extreme,53,144,143,9,false,false,9,4,5,4.444,4,5,9,4,5,4.444,4,5,40,0,3,0.075,27,4.596,3,20,8|8|8|8|8,51,1,50,47,2.98,5,2,45,3.8,0.02,0.98,0.922,8,37,5,1,3,3,51,3,3,4,3,3,3,4,5,5,0.922,0,47,0.922,1,0.021,0.95,1,22,イウガンダ/デスラール/ニンマブク/サグェルガ/ンレベネイ/マナFエア/リダFイナ/ノジFール
312,country,1687,extreme,24,31,30,9,false,false,9,4,5,4.444,2,5,9,4,5,4.444,2,5,40,0,3,0.075,20,3.952,3,16,8|8|8|8|8,67,2,65,63,3.194,5,2,56,5.35,0.03,0.97,0.94,8,42,13,4,3,3,67,3,3,5,4,3,3,4,4,1,0.94,0,62,0.925,0,0,0.905,0,23,スロバキア/リトアニア/アルヨニア/ルフルグア/ーラダアF/マンンテF/ニスバマF/アチリラア
313,country,12275,extreme,111,305,304,9,false,false,9,4,5,4.444,4,5,9,4,5,4.444,4,5,40,0,3,0.075,25,4.444,3,19,8|8|8|8|8,66,63,3,65,3.167,5,2,55,5.225,0.955,0.045,0.985,7,43,14,2,1,1,66,1,1,3,1,1,1,2,6,5,0.985,0,63,0.955,0,0,0.901,0,24,ベラルーシ/イリシオス/タアテラロ/リロブンバ/アガルダキ/ギインャア/グアジマラ/スFFFア
314,country,6692,extreme,62,156,155,9,false,false,9,4,5,4.444,4,5,9,4,5,4.444,4,5,40,0,3,0.075,22,4.159,3,16,8|8|8|8|8,54,5,49,50,3,5,2,47,4.05,0.093,0.907,0.926,9,37,7,1,3,3,54,4,4,5,4,4,4,5,4,5,0.926,0,49,0.907,1,0.02,0.93,1,25,アルメニア/アヨルダン/ポルバニア/ミーリブド/ャアベーキ/ンFリタリ/マFアンバ/ーFランス
315,country,37217,extreme,237,886,885,10,false,false,10,8,2,4,3,5,10,8,2,4,3,5,40,0,3,0.075,27,4.546,3,18,8|8|8|8|8,64,64,0,60,3.156,5,2,53,5.05,1,0,0.938,6,44,12,2,1,1,64,4,0,4,2,2,0,0,6,4,0.938,0,60,0.938,2,0.033,0.885,2,26,ツエジプト/バヨルダン/ルカラグモ/ボツワナル/ミャンマー/モンゴルド/バヌアツバ/ニFFFア
316,country,4679,extreme,36,107,106,9,false,false,9,8,1,4.444,4,5,9,8,1,4.444,4,5,40,0,3,0.075,26,4.423,3,19,8|8|8|8|8,50,5,45,46,3.06,5,2,46,3.825,0.1,0.9,0.92,6,37,5,2,3,3,50,4,0,1,1,1,0,0,8,2,0.92,0,49,0.98,4,0.082,0.905,4,27,イスラエア/ラトビアン/ミャンマゴ/ウガンダF/エクアドF/レバノンF/ナミビアー/カンボジア
317,country,850,extreme,5,10,9,9,false,false,9,3,6,4.444,2,5,9,3,6,4.444,2,5,40,0,3,0.075,21,4.19,3,16,8|8|8|8|8,63,6,57,63,3.048,5,2,50,4.8,0.095,0.905,1,9,43,10,1,3,3,63,0,0,1,0,0,0,0,8,4,1,0,62,0.984,1,0.016,0.884,1,28,カジマポス/ンャレーロ/マイギリス/リマーラバ/ボイFンキ/ジスFイン/コスFリカ/アカアドア
318,country,850,extreme,8,10,9,9,false,false,9,3,6,4.444,2,5,9,3,6,4.444,2,5,40,0,3,0.075,22,4.228,3,15,8|8|8|8|8,56,3,53,55,2.946,4,2,45,4.125,0.054,0.946,0.982,9,41,6,0,3,3,56,0,0,1,0,0,0,0,8,3,0.982,0,55,0.982,1,0.018,0.911,1,29,ジョーエソ/ニセポスマ/ジールトリ/ェシトニチ/ハンFリリ/ベトFムー/ーェFアア/ルルルジア
319,country,5838,extreme,138,144,143,10,false,false,10,4,6,4,2,5,10,4,6,4,2,5,40,0,3,0.075,26,4.534,3,17,8|8|8|8|8,63,3,60,63,3.095,5,2,51,4.875,0.048,0.952,1,7,44,11,1,3,3,63,0,0,2,0,0,0,1,8,4,1,0,61,0.968,1,0.016,0.896,1,30,ポジェヨグ/ルモホルア/トエスダテ/ガニーンマ/ルFダール/マFロッコ/ニFジプト/リアンンラ
320,country,7576,extreme,83,188,187,9,false,false,9,3,6,4.444,4,5,9,3,6,4.444,4,5,40,0,3,0.075,26,4.415,3,18,8|8|8|8|8,58,57,1,56,3.103,4,2,50,4.5,0.983,0.017,0.966,6,40,12,0,1,1,58,2,1,3,2,2,1,1,6,4,0.966,0,55,0.948,0,0,0.935,0,31,グレナダバ/エクイスヌ/スロスロア/トアラベス/ニチエニペ/メキシコイ/アFFFン/アアルアツ
321,country,2966,extreme,75,73,72,9,false,false,9,4,5,4.444,4,5,9,4,5,4.444,4,5,40,0,3,0.075,27,4.603,3,19,8|8|8|8|8,58,1,57,57,3.034,5,2,47,4.4,0.017,0.983,0.983,7,43,7,1,3,3,58,1,1,2,1,1,1,2,7,3,0.983,0,56,0.966,0,0,0.917,0,32,セルベルブ/モガリィラ/クイーマア/ギアズチデ/リネガFン/シナデFマ/グアテFー/ャロアンク
322,country,859,extreme,8,12,11,9,false,false,9,4,5,4.444,4,5,9,4,5,4.444,4,5,40,0,3,0.075,29,4.684,3,19,8|8|8|8|8,56,0,56,53,3.089,5,2,49,4.325,0,1,0.946,6,40,9,1,3,3,56,3,3,2,2,2,2,2,7,1,0.946,0,54,0.964,1,0.019,0.924,1,33,キルバスラ/グレトマル/ポバナガカ/ベFミイチ/ルFビブュ/ギFテラニ/ーンアジジ/ジャマルア
323,country,805,extreme,8,10,9,9,false,false,9,4,5,4.444,4,5,9,4,5,4.444,4,5,40,0,3,0.075,23,4.275,3,18,8|8|8|8|8,55,49,6,53,3.036,5,2,47,4.175,0.891,0.109,0.964,8,39,6,2,1,1,55,2,2,3,2,2,2,3,6,3,0.964,0,52,0.945,0,0,0.931,0,34,キョモジア/ジボルバア/ルベドビア/コルバニカ/ロギーヨン/FFFルボ/ビーリダジ/アーマンア
324,country,24709,extreme,382,607,606,9,false,false,9,8,1,4.444,4,5,9,8,1,4.444,4,5,40,0,3,0.075,24,4.415,3,16,8|8|8|8|8,52,48,4,51,2.865,4,2,43,3.725,0.923,0.077,0.981,11,37,4,0,1,1,52,1,0,1,1,1,0,0,8,0,0.981,0,51,0.981,0,0,0.93,0,35,ヨスラエル/ルマラウイ/イエジプト/ダスタリカ/ンンボジア/コロアチア/カFFFイ/クイギリス
325,country,825,extreme,12,10,9,9,false,false,9,3,6,4.444,3,5,9,3,6,4.444,3,5,40,0,3,0.075,27,4.596,3,19,8|8|8|8|8,64,3,61,62,3.094,4,2,51,4.95,0.047,0.953,0.969,7,44,13,0,3,3,64,1,1,2,1,1,1,1,7,3,0.969,0,62,0.969,2,0.032,0.883,2,36,パキスタン/サコニルコ/ンロカーモ/マンラマロ/リビFニボ/ネパFルツ/ブルFジワ/ノアアアナ
326,country,1271,extreme,17,23,22,9,false,false,9,4,5,4.444,3,5,9,4,5,4.444,3,5,40,0,3,0.075,23,4.334,3,17,8|8|8|8|8,56,3,53,54,2.982,5,2,46,4.175,0.054,0.946,0.964,9,40,6,1,3,3,56,1,1,3,1,1,1,2,6,3,0.964,0,53,0.946,1,0.019,0.92,1,37,ウラトビア/デングーイ/バフイタク/ーラタンク/パFマザウ/レFリニェ/ーFアアー/ンスマアト
327,country,9014,extreme,184,257,256,9,false,false,9,3,6,4.444,2,5,9,3,6,4.444,2,5,40,0,3,0.075,26,4.565,3,17,8|8|8|8|8,51,48,3,47,2.863,4,2,43,3.65,0.941,0.059,0.922,11,36,4,0,1,1,51,2,0,2,2,1,0,1,7,3,0.922,0,49,0.961,2,0.041,0.918,2,38,パジデノカ/キャンルウ/スママウル/タイーェグ/ベトナムア/アメリカタ/ンFFFイ/コスタリイ
328,country,957,extreme,12,16,15,9,false,false,9,4,5,4.444,4,5,9,4,5,4.444,4,5,40,0,3,0.075,24,4.246,3,16,8|8|8|8|8,51,1,50,48,3.02,5,2,45,3.85,0.02,0.98,0.941,6,39,5,1,3,3,51,3,3,1,1,1,1,1,8,5,0.941,0,50,0.98,2,0.04,0.913,2,39,スカインン/バタレール/セーシェク/フルウヨバ/ィペガルル/ジーFダバ/ーーFンド/デンFース
